"CODE","POLITICS","POPULATION","AGE25_PROPTN","AGE_MEDIAN","AGE50_PROPTN","POP_DENSITY","GDP","INFANT_MORT","DOCS","VAX_RATE","HEALTHCARE_BASIS","HEALTHCARE_COST","DEATH_RATE","OBS_TYPE"
"State1","UNSTABLE DEM",1547.25684081277,NA,34.1653726349352,41.5008242832461,NA,NA,13.7906413992984,23.4542814473459,62.2353982234586,"INSURANCE",5157.2004552833,21.3823781386783,"Train"
"State2","UNSTABLE DEM",4715.45073725475,12.4229500126405,31.3891216037649,38.3480577829066,498.680218104044,56.9292927821924,15.6848611825014,22.4564946265031,59.5483909254248,"INSURANCE",5174.59989063418,19.1836305221461,"Train"
"State3","STABLE DEM",NA,16.2017176078147,35.5123324198899,39.333867341741,503.386429644443,NA,13.6130160264685,22.142229279166,NA,"FREE",NA,22.5439177992536,"Test"
"State4","STABLE DEM",2975.00910738684,18.9496412060843,NA,40.7780868785216,496.685567693095,53.8924304060751,12.7868888155802,22.2636758864633,68.8482640798144,"INSURANCE",5352.74709289043,14.6353021083544,"Train"
"State5","UNSTABLE DEM",NA,15.5398951058844,NA,NA,501.273212420306,58.4323216407212,15.3797029315012,23.7501293306152,NA,"PRIVATE",14812.4677485211,19.4399561311198,"Test"
"State6","UNSTABLE DEM",NA,13.8198411418816,33.2986178711905,39.637292876337,NA,54.3648130238219,15.8170913354968,20.804468096759,NA,"INSURANCE",4934.61065778297,20.3412425530799,"Train"
"State7","UNSTABLE DEM",5322.90479974091,NA,NA,NA,510.137355461202,47.7414787682462,11.0757889465653,25.7699799702316,NA,"INSURANCE",5003.24121541124,25.1875433376701,"Test"
"State8","UNSTABLE DEM",NA,14.0375580338671,30.4338807408229,39.1895382192557,515.446749910827,NA,13.1756336405702,19.9191025798069,NA,"INSURANCE",4989.10386927697,24.355219048291,"Test"
"State9","--",NA,NA,NA,41.9892594952981,513.12314988606,NA,NA,22.7177808492055,63.0072572297596,"PRIVATE",14966.5364796713,27.484778722908,"Train"
"State10","UNSTABLE DEM",4900.89836427094,9.82522486389215,31.1774866965587,37.463613696756,489.912933147284,52.494812471887,15.6167981534804,22.2348741957053,61.8597735765174,"INSURANCE",4828.91498400611,12.345036020882,"Train"
"State11","STABLE DEM",2539.71663634474,16.5376449323256,NA,41.9153524933344,498.349551380456,64.0674241241548,13.7424173766683,21.2913965691969,62.5668102103464,"PRIVATE",15148.3527324596,16.5203729841793,"Train"
"State12","UNSTABLE DEM",NA,11.7108781257698,30.4555005916227,34.3107241123875,507.966497393376,NA,12.5809027648221,22.7611764028265,NA,"PRIVATE",15809.9210133634,20.209104554673,"Train"
"State13","STABLE DEM",5141.45252738791,NA,NA,40.9181579514776,NA,NA,15.0357827782434,22.8970721618401,11,"INSURANCE",4802.01306725743,34.3570743661307,"Test"
"State14","STABLE DEM",1509.0993533294,15.4947825390615,NA,38.0252724138108,502.933259081109,NA,NA,23.2644106858836,NA,"PRIVATE",15218.269048943,26.2988660013879,"Train"
"State15","STABLE DEM",4275.06698855157,12.3912869850224,NA,38.7887666774559,492.715503204414,57.902153459731,14.4639755484119,23.0745252622528,55.5094636129153,"INSURANCE",5083.04445945151,17.709949932771,"Train"
"State16","STABLE DEM",941.973186230916,18.0417814339978,34.6573267301343,36.6553940142452,489.788419211088,59.0125490995641,12.2124743170976,23.5802608965833,57.7801273728408,"PRIVATE",14868.4375602129,15.0766752470359,"Test"
"State17","STABLE DEM",5322.09331143359,14.4073239174431,NA,36.506778829203,490.793985988383,59.7611809710935,15.2659509781313,24.0162573548969,59.4144656594394,"INSURANCE",5466.47805959055,14.0255118774244,"Test"
"State18","UNSTABLE DEM",2525.72681229862,13.7378934928951,NA,38.7004145865493,486.383277050242,52.9275101989152,12.0623532578101,20.6015390659933,62.6448577823902,"FREE",NA,9.9361207348879,"Train"
"State19","UNSTABLE DEM",2481.57499143057,16.1164529438438,NA,-99,NA,56.8988280410437,NA,-99,-99,"INSURANCE",5046.29081144765,23.6855522019925,"Train"
"State20","UNSTABLE DEM",2507.74473457803,17.3493404441031,37.1144432467448,37.3995285306494,499.910378444496,58.6480577829045,13.9811534654535,24.2026889622992,-99,"PRIVATE",14684.680536855,19.3150076758704,"Train"
"State21","UNSTABLE DEM",2929.63255554231,NA,34.1936778009367,39.9050489169704,502.282692869075,NA,12.3223057708305,NA,-99,"FREE",NA,21.7660018533173,"Train"
"State22","STABLE DEM",1963.2596052039,14.7897955759826,NA,43.320195389466,NA,NA,13.9409283489531,21.6266737162009,NA,"FREE",NA,19.9915947761796,"Train"
"State23","STABLE DEM",2268.24962824002,11.4123296940781,NA,40.2806454898119,498.801879905844,62.0152446947459,15.7431147892138,22.1197914076616,58.7504398425378,"INSURANCE",5189.5063806749,17.3427797026827,"Train"
"State24","STABLE DEM",5345.85776053596,15.5115996615156,31.8262551043998,36.6876321408822,498.359744839593,48.0149521978661,14.0175859009863,24.1841625253205,60.4850629738546,"INSURANCE",4947.64820806149,18.1321514952638,"Train"
"State25","STABLE DEM",558.582450079009,12.7745498946171,34.5335221586796,43.4264013896133,485.801400187254,60.8674884246418,16.1637039415303,23.7245728811653,59.5578329437601,"FREE",NA,18.4614124599798,"Train"
"State26","UNSTABLE DEM",1729.33793009539,13.7382541927294,32.3887585752756,42.6339842472308,NA,15.4316561023611,13.3512355056875,NA,NA,"INSURANCE",4930.81666047337,32.2388989895993,"Train"
"State27","UNSTABLE DEM",3610.32925672412,16.5783897461411,32.9557752497948,38.8779344737397,492.445638900858,53.9652580055108,11.0456395082277,20.5399278877688,-99,"FREE",NA,13.805344081166,"Test"
"State28","DICTATORSHIP",NA,13.4075602476193,33.4134777265235,42.5556835919494,506.173163142468,NA,NA,22.9885557799466,60.3556519063396,"INSURANCE",5106.6616164629,24.3962075377927,"Train"
"State29","UNSTABLE DEM",2940.44747399173,17.7922112624584,NA,38.6051146421169,496.900772683791,48.0732899507504,12.6759005164905,23.6667108683771,64.2546062127875,"PRIVATE",14427.5254024044,16.3502456878873,"Train"
"State30","UNSTABLE DEM",1053.70254507061,12.699777885953,34.2278552211031,NA,512.566249396097,56.1932796097833,15.6367886468917,NA,NA,"FREE",NA,24.5334398051625,"Train"
"State31","UNSTABLE DEM",2483.42297667599,16.5195857978114,35.8888761487738,38.2588251792164,493.959547688226,55.7111864667002,13.6968357126377,25.9542944015147,58.3200110529074,"FREE",NA,20.697283019893,"Train"
"State32","DICTATORSHIP",4221.59313076924,14.5411899901148,NA,38.8620362223943,499.857727116542,59.6101714814375,17.22694558146,27.4983271439284,57.4461080899848,"FREE",NA,25.3140180749401,"Train"
"State33","UNSTABLE DEM",2556.56439681432,18.1228822674525,NA,36.4928583981669,NA,NA,15.3731511169699,NA,54.7161043540397,"FREE",NA,26.356932762373,"Train"
"State34","DICTATORSHIP",1383.02533598209,14.0370641092034,32.3334853629569,43.4805082797967,490.371263396014,26.7919871853045,14.5206531358282,23.1418783801977,33.3698275895923,"FREE",NA,28.6942446586011,"Test"
"State35","STABLE DEM",NA,14.2593405370258,NA,NA,508.428624255434,56.0553220465211,14.6449872216763,NA,63.4964277192032,"PRIVATE",14984.6641859751,16.9376331674986,"Train"
"State36","STABLE DEM",3657.12128631532,15.6138332076611,NA,40.7698759432925,507.695695872613,56.7873814028737,NA,NA,NA,"INSURANCE",5349.05186338389,19.4715757750642,"Train"
"State37","STABLE DEM",629.573520706309,16.118318511337,33.267014109496,41.6000650046537,492.884605230528,59.4669594478314,14.279675753132,24.1685066422839,62.5213582210741,"INSURANCE",4896.21729721155,16.3096271351043,"Train"
"State38","UNSTABLE DEM",2096.49740663877,NA,38.4172666705261,-99,508.507077243888,60.042489064242,NA,-99,-99,"INSURANCE",4998.98830464338,23.5413546631326,"Train"
"State39","UNSTABLE DEM",6442.9346550057,13.2113854501942,NA,36.4782638438294,497.447696809996,54.1895859456106,14.5024126912423,21.5808104904392,62.0923095289854,"INSURANCE",5220.6172073736,15.8506474696934,"Train"
"State40","STABLE DEM",2532.97159604111,17.174853076741,34.0658517829358,36.7341941435543,NA,59.2734151837622,NA,NA,60.3413797203221,"INSURANCE",5124.23487855636,22.9008579525245,"Train"
"State41","STABLE DEM",2726.44095280774,13.9951875410242,NA,37.2244794752687,475.569476677429,54.4456091218671,12.8184674244451,23.5189085485666,57.7386431913523,"FREE",NA,8.60601423974629,"Train"
"State42","UNSTABLE DEM",1348.63395041235,9.6641824318952,NA,NA,501.277880394874,NA,16.993341192429,20.6755551590674,NA,"INSURANCE",4928.26206203032,17.1033476168158,"Test"
"State43","STABLE DEM",3096.01704968207,13.7528160192208,NA,39.951835528866,493.116726663178,55.0858879284981,16.5655150840956,27.6643500770314,57.6410504520054,"INSURANCE",4688.98585688812,21.9437717872246,"Train"
"State44","OTHER",2187.24146447265,17.2620229207218,NA,39.3298781721363,497.527234794022,58.8280557177893,13.4017064196142,25.9977402222979,53.8569392991552,"INSURANCE",5041.01527962776,25.6915513553014,"Train"
"State45","STABLE DEM",2770.72421900825,13.548658518077,NA,39.3900220454599,486.149141507989,59.5821882908154,16.5112723217861,21.5815841659483,59.6620501929313,"FREE",NA,12.9163106216868,"Test"
"State46","OTHER",448.299038212358,12.8926287255773,NA,-99,510.78309772736,55.5824319820058,NA,-99,-99,"PRIVATE",14337.9658972822,28.3422490807909,"Train"
"State47","STABLE DEM",5548.36419951994,11.2103013603308,NA,38.4244089930467,494.209263547306,62.5597203458606,12.9122298487638,15.36662853076,55.8526378398598,"INSURANCE",4890.19374053316,9.72015112752439,"Train"
"State48","UNSTABLE DEM",NA,20.2721275150121,NA,39.8568973699482,NA,NA,9.8978606164588,23.0925659675148,-99,"INSURANCE",4834.08101522741,22.6966675544786,"Test"
"State49","STABLE DEM",1969.48367579196,12.3477800626708,32.8847823484345,37.7210924496572,NA,17.4487357713754,NA,NA,38.6640903111612,"PRIVATE",15497.0437783078,27.4733914035461,"Test"
"State50","UNSTABLE DEM",2264.01995848406,15.3132924594643,NA,NA,503.576149889292,57.4527572044626,NA,NA,59.656463638473,"FREE",NA,17.1873761269119,"Test"
"State51","UNSTABLE DEM",4669.01470278481,12.9476134071614,NA,40.5187749855498,489.637055946017,54.3283580724726,14.1512997766867,18.4838596638336,59.6209905451746,"INSURANCE",5276.34903707288,10.7496273596201,"Test"
"State52","UNSTABLE DEM",915.344441928179,11.8713061036402,NA,40.1965193145659,494.172256629826,64.4412063655607,16.908226339032,19.8452211275093,60.7427778249598,"INSURANCE",4736.82897219467,14.9265797779113,"Train"
"State53","OTHER",5273.89746772271,16.3309399646517,33.1330864245481,37.1163280690374,477.401814356908,56.2131750162056,13.2447923666194,25.3928433996684,58.1897126544554,"INSURANCE",5067.85071986128,10.1650311048664,"Train"
"State54","OTHER",1476.52903814121,18.3950094843971,34.978789203449,39.7565995746006,496.096272794943,42.7106499488868,9.59439650137454,23.8908230899348,69.595389800268,"INSURANCE",5167.6877623956,16.6657294777029,"Train"
"State55","OTHER",244.618295904378,18.1283413947794,NA,45.5581903107446,491.578407604516,60.0939919780093,11.981849912726,21.3243284562667,64.2549263832893,"INSURANCE",4799.57843110749,14.7859141519164,"Train"
"State56","UNSTABLE DEM",3050.89905640831,NA,33.3700288924051,37.0059214803872,514.872252427838,NA,16.0783550280376,NA,59.5145453747057,"FREE",NA,23.861812465312,"Test"
"State57","STABLE DEM",1876.73614694165,20.2696950951278,42.2740300840815,41.0991112076161,495.196648422784,57.499152889795,16.7705913241977,27.7884733584278,62.558801274701,"INSURANCE",4788.9925264908,22.6504455961571,"Test"
"State58","UNSTABLE DEM",1479.32197423828,16.4519779673708,NA,40.5834372342898,493.511980483537,52.2698292661092,13.1644171194827,21.9374196833553,62.9576337045158,"INSURANCE",5155.18941443747,14.7039106050787,"Train"
"State59","DICTATORSHIP",1504.46360720832,12.3220509965399,32.1308668870132,NA,506.657208492865,NA,16.6705452839398,21.1780931019093,NA,"INSURANCE",5211.52851579301,22.8557842381911,"Test"
"State60","UNSTABLE DEM",2757.855962861,14.5879757022376,NA,34.1302061445399,493.79707674809,58.3201943520213,12.2795708607187,19.9967981195778,59.2747339223662,"INSURANCE",5054.36524876347,10.6320972620782,"Test"
"State61","OTHER",NA,18.1408790455822,32.9872747000357,40.4860247180359,NA,54.6525023469169,14.1399780808827,27.7664726308666,NA,"INSURANCE",5142.47168624931,28.2014889300983,"Train"
"State62","DICTATORSHIP",2119.15624204317,15.293767569995,NA,41.3253476174278,492.658158945285,60.3496085582974,15.0360077156738,19.9760056898289,63.8630007751677,"INSURANCE",4784.2872794348,12.1594611304198,"Test"
"State63","DICTATORSHIP",1990.04917002694,NA,NA,NA,519.470018457081,54.9093443641319,16.1411931580231,21.297639720908,NA,"PRIVATE",15216.7726856142,24.8267499268741,"Train"
"State64","STABLE DEM",6348.35502195296,11.35375988628,NA,36.5284809731849,480.086930778875,57.3748218166007,15.3668594714724,20.4937084181742,60.0494053658826,"INSURANCE",5376.41495120941,5.42157805418026,"Test"
"State65","DICTATORSHIP",1018.60508612937,16.7574182676431,NA,39.3786911268565,494.523907828202,59.0916549099601,15.2227357206047,22.6687489226466,61.7237083488656,"PRIVATE",15392.6814559827,16.0336501522171,"Test"
"State66","STABLE DEM",2586.09515732811,16.0857229896972,NA,35.7579398232809,488.861196741492,47.5104351772398,13.3613331100737,28.3477481864335,55.1671975478942,"FREE",NA,18.8964326195175,"Train"
"State67","STABLE DEM",3856.3256899716,17.2191529805668,NA,36.2157719326608,493.812798239238,55.2950892628154,12.288514565181,22.0856618266744,64.0031483290836,"INSURANCE",5074.68596271433,12.8214668957233,"Train"
"State68","STABLE DEM",4180.89901030062,NA,NA,43.5022899794755,NA,59.6829964414582,13.8620571405777,NA,60.6336639438303,"FREE",NA,19.7113917980301,"Train"
"State69","UNSTABLE DEM",1894.68570611172,15.8417644310883,32.7938944581587,35.445946658677,496.595812802828,52.8409470960936,11.7033867530447,23.5795608078347,58.1023042283946,"INSURANCE",4808.23072723149,17.0881780537019,"Train"
"State70","UNSTABLE DEM",5308.59458795184,16.0140277748317,NA,41.0905555665453,495.386999708894,51.266161357064,13.6943717292499,22.1235248614382,64.4281000391138,"INSURANCE",5064.19571403565,16.9018350265149,"Train"
"State71","UNSTABLE DEM",2528.59234198898,18.2204752519643,NA,41.0656639910127,496.323573197875,53.9002605071093,11.8979463941922,24.3625757411323,56.8965250035088,"INSURANCE",4777.49135680237,21.4198204931456,"Train"
"State72","STABLE DEM",2112.29988005731,17.1255354707076,NA,37.1990444591645,497.808635599378,61.5000562606841,14.0397019016415,25.5321826294869,57.1113048189729,"INSURANCE",4804.551006664,21.6068849814089,"Test"
"State73","UNSTABLE DEM",4245.62742048068,13.0703586819259,34.0628746524194,40.5197358867376,492.77550224944,54.7770209681431,11.5038599507177,17.5223061944986,-99,"PRIVATE",14842.821697343,8.83959892310047,"Train"
"State74","STABLE DEM",1718.57195907001,12.097642657452,NA,35.3029062961705,492.804615751869,51.6235607316777,16.7871224084618,27.9200780257727,60.3603167878065,"INSURANCE",5062.12830278051,20.1429793937219,"Train"
"State75","UNSTABLE DEM",3003.97869466676,15.4447822509531,38.9746845482933,39.1100521667289,NA,NA,17.1109352607159,NA,63.7520268972247,"INSURANCE",5191.29353918215,25.5005058463877,"Train"
"State76","STABLE DEM",NA,15.1406448641207,NA,NA,NA,NA,NA,NA,62.4875016352642,NA,15365.2378438906,14.3833726354466,"Train"
"State77","UNSTABLE DEM",3218.05708074081,14.60607047812,33.2585997894581,37.5174223680179,498.191967242342,57.6573185400902,14.7639791705283,21.7389831675917,60.7609674787171,"INSURANCE",5208.4152022569,15.0259992729656,"Train"
"State78","UNSTABLE DEM",3232.36688249712,15.1820063590705,33.9960378331001,39.4590979958242,489.626407130848,62.1246642507125,13.0898828717142,18.81795212197,58.0340604439899,"FREE",NA,9.70576670135858,"Test"
"State79","STABLE DEM",NA,NA,NA,43.8001492418422,NA,48.1847752182216,12.7913521541923,24.2566639989541,61.7040461023091,"PRIVATE",14172.1560337174,21.7200163548249,"Test"
"State80","UNSTABLE DEM",1181.73937582129,NA,NA,38.018723789852,503.00364372224,56.7302725521296,NA,24.4594063038864,NA,"INSURANCE",4949.2077929443,19.9931462881595,"Test"
"State81","UNSTABLE DEM",3620.91047645951,10.5636605548533,NA,40.4503146865307,499.612414282677,56.7184660877217,16.761218339956,25.9525197500629,53.114278850216,"FREE",NA,25.1308669124425,"Test"
"State82","--",309.329047458983,NA,30.5121539124678,41.1841360555208,NA,NA,NA,16.0562589231066,54.4719673033623,"INSURANCE",4939.19067034773,16.6481815405957,"Test"
"State83","OTHER",3514.15528604086,12.4765855748599,NA,39.6470228610512,491.274953430051,59.4547424999163,15.1754315737004,27.5424489840462,53.1114616825083,"PRIVATE",15301.3371667655,23.5007845080697,"Train"
"State84","STABLE DEM",1839.47617760738,10.8327588251077,NA,35.9802222794359,495.674700628104,63.2610034396735,16.3970178305241,18.9913749243935,57.8191823418979,"INSURANCE",5155.76992468766,11.7337279712602,"Train"
"State85","STABLE DEM",5556.39936035934,16.4328746143516,NA,34.549126057659,491.136492846683,56.4372535037023,12.1257981287114,18.3176521973909,61.1261568974361,"PRIVATE",15197.7023087368,7.68725016722883,"Train"
"State86","UNSTABLE DEM",1652.29453815598,14.1531341007133,NA,36.427010390482,469.679413987748,59.0951254717237,15.5165913994305,23.8237777528864,58.4043383667428,"INSURANCE",5079.09690103994,5.36175580349772,"Train"
"State87","STABLE DEM",1757.38835220798,13.422721692423,NA,46.9539641121373,483.097085147623,60.0879670062695,13.181155833081,17.0403927376852,60.3946028490822,"INSURANCE",5250.04180210183,9.65973676397374,"Train"
"State88","UNSTABLE DEM",428.149609876271,10.8239495504793,28.8573485268333,37.0259192251015,490.925448356927,54.1517835717366,14.2083634356411,21.4391934522986,61.5606380919717,"PRIVATE",15800.253633233,11.5126966159526,"Test"
"State89","DICTATORSHIP",4540.42930038213,13.9388345306626,NA,36.875514563106,504.556358737527,NA,NA,21.7601397588014,NA,"PRIVATE",14961.9702937223,18.2633986546267,"Test"
"State90","DICTATORSHIP",3736.32397798848,15.6959529905414,NA,NA,NA,56.3414970529483,14.3008904096868,NA,55.902255285987,"INSURANCE",4826.42007979968,22.7702187644633,"Train"
"State91","STABLE DEM",3603.73989978564,11.6862302828156,34.4386953192711,36.7340208619668,496.254151645812,60.6591937993209,15.4659074050196,21.5979312458613,53.5624791186719,"FREE",NA,16.4016505550961,"Train"
"State92","UNSTABLE DEM",3314.39944963071,13.8221507884502,NA,37.4031661333731,500.795808209186,NA,14.1039770576702,NA,NA,"INSURANCE",4463.44043112277,15.8878651113474,"Train"
"State93","UNSTABLE DEM",683.728559955038,NA,NA,NA,NA,58.1177936981106,14.9638242105097,23.4557680936618,60.3460560417066,"INSURANCE",4935.13913611618,23.6846593498693,"Train"
"State94","UNSTABLE DEM",2204.83755622915,17.0157895561231,35.74583907106,42.8950938836229,494.011235974804,59.9028450942459,13.9321369747417,21.283852175901,62.5819562340513,"PRIVATE",15157.1433703558,14.8244438648148,"Test"
"State95","UNSTABLE DEM",4299.37167313145,13.1926838362667,NA,38.3894711049941,491.796116932469,58.5227149423199,14.7527440989338,23.791497988452,59.4822979436141,"INSURANCE",5007.9197073681,15.4532338616124,"Train"
"State96","STABLE DEM",1110.67865534459,14.1868870264893,NA,38.2751019727957,471.069469307069,57.0930215729208,13.6385586864318,23.0624162223645,59.6676956494832,"INSURANCE",5195.14931904505,5.28849646569833,"Test"
"State97","STABLE DEM",4209.29420026934,17.756305538625,NA,41.7216622404213,491.419801108064,57.8733109167797,11.9621665515524,23.867724846602,62.748527667909,"INSURANCE",5254.28868856685,16.9659946593879,"Train"
"State98","UNSTABLE DEM",NA,12.2358568618614,32.6784126303947,43.8705712186451,NA,67.6559501069842,15.3445298218574,19.3682578802919,NA,"PRIVATE",14653.2359936308,18.735535783168,"Test"
"State99","UNSTABLE DEM",4349.54752388164,NA,NA,37.7463862541629,NA,NA,13.191388269154,24.282452892958,-99,"FREE",NA,23.8371302104187,"Train"
"State100","UNSTABLE DEM",NA,14.3486247457048,NA,NA,508.662139916781,58.5288958228685,17.0688271850043,28.737627248427,NA,"INSURANCE",4919.52874847982,31.8647915202417,"Test"
"State101","STABLE DEM",3172.9721936148,13.0331792554616,NA,41.3194476394776,493.573207845886,61.6105671691757,18.8655652013393,29.0408763772486,59.3128410226088,"INSURANCE",4743.73525418894,24.6928761449248,"Test"
"State102","STABLE DEM",2588.08853200816,NA,NA,38.0975058264573,500.93635371068,56.0970938423403,NA,NA,54.2119029472829,"PRIVATE",14754.946183537,21.2016137463565,"Train"
"State103","DICTATORSHIP",3297.66950514688,NA,34.368199249837,41.8942127437133,NA,63.1406850819231,15.3126545111046,NA,59.0195023993519,"FREE",NA,29.2318362986265,"Train"
"State104","UNSTABLE DEM",1606.25292998492,NA,33.4655987981912,33.6973857013762,500.869101314103,58.1379390907654,NA,17.3926891932749,NA,"PRIVATE",14336.4142990188,10.9239409378434,"Train"
"State105","UNSTABLE DEM",5507.85708356046,13.797447394957,NA,37.3756970803637,498.604894020689,53.3551630064221,15.6596196370222,28.5182251204027,56.5089779959905,"INSURANCE",4975.08735982012,26.4926232524485,"Test"
"State106","UNSTABLE DEM",2066.50316855156,16.4298059365945,NA,41.4326731295019,NA,NA,NA,21.5620224697385,61.6971169838519,"INSURANCE",5166.8530843375,22.9929285542246,"Train"
"State107","DICTATORSHIP",1370.38916082286,14.259465462521,33.7459734910817,35.3887119167033,498.311681115461,52.7362478185346,14.9871570568372,22.5001234626176,64.3925946822249,"INSURANCE",4845.2209136816,14.5510806621904,"Test"
"State108","STABLE DEM",1946.71651992108,NA,NA,NA,500.519809702864,59.3974594611832,18.8821329716956,27.2753323321782,NA,"INSURANCE",4935.0231009407,26.4029784885034,"Train"
"State109","STABLE DEM",3795.34889484223,10.9012379451881,31.2774816323634,38.466558116546,493.667020914685,57.5150432955055,14.7184771881244,19.5372844464163,61.0607828260889,"INSURANCE",4978.08089651983,11.8892364874079,"Train"
"State110","STABLE DEM",1216.24046604581,NA,35.6568141395864,38.402254204989,NA,55.3623114214166,14.8610367494985,23.0760998705427,NA,"PRIVATE",15035.0727711615,26.3713082788682,"Train"
"State111","STABLE DEM",2666.60438435249,16.4184891257628,NA,39.205525366595,487.426848561336,55.5347755007039,11.7118477057554,22.9275511905191,52.1472451225015,"INSURANCE",4677.24649131449,16.2448795963461,"Train"
"State112","STABLE DEM",2506.36119955363,13.8187753553469,35.3847975809946,39.1711870459516,509.010246884031,NA,NA,NA,64.0567036611761,"INSURANCE",4985.61374333326,21.9957575638358,"Test"
"State113","STABLE DEM",NA,14.7699003881351,34.3517618349137,42.183385246648,NA,59.9239010248738,14.8276823204257,NA,63.5948201678483,"INSURANCE",4949.08917772176,22.6092085416678,"Train"
"State114","STABLE DEM",938.980182539472,15.7979930269744,NA,-99,NA,54.9660028717075,NA,-99,-99,"PRIVATE",14956.1089797864,16.7346308977031,"Train"
"State115","UNSTABLE DEM",NA,16.6770218740084,36.1307229331415,39.9622272608155,517.651088895144,NA,NA,25.7486657418259,65.4581075709991,"INSURANCE",4996.2641602612,30.8098587287509,"Train"
"State116","UNSTABLE DEM",3276.57266249561,14.2256608565039,31.7228671578756,39.4858156301041,498.596925788919,51.9819838791248,12.4882229211222,22.7098107308448,61.1522224662056,"INSURANCE",5044.70946883077,17.8576177675374,"Test"
"State117","DICTATORSHIP",3364.87630149426,NA,33.4840593091919,40.3011974038269,NA,57.4238468017409,15.4511596772325,NA,64.2939835623302,"INSURANCE",4775.04372855595,23.9958874771206,"Train"
"State118","DICTATORSHIP",NA,12.9106612631442,33.2306450958774,NA,511.786116457425,53.7739511561929,14.1446998104327,23.0178812722048,NA,"FREE",NA,25.351987215847,"Train"
"State119","STABLE DEM",392.504378696137,11.5354770174897,NA,37.6310116131358,489.507444120119,53.821898140739,14.0140971074741,19.9252722519427,58.7016120972932,"FREE",NA,11.9275236843672,"Train"
"State120","STABLE DEM",NA,18.2166243399742,NA,-99,505.462136758811,NA,13.3824181053102,-99,-99,"INSURANCE",5094.4562459344,24.8013249696093,"Train"
"State121","UNSTABLE DEM",1958.16928165161,NA,NA,NA,500.911807633281,56.9574486793797,12.2902839259743,NA,59.0940403473265,"INSURANCE",4987.26612904228,16.6436343025265,"Test"
"State122","--",3314.1766283879,-99,NA,36.4760849601492,506.439471804663,NA,NA,23.9512658849746,NA,"FREE",NA,21.6425849018889,"Train"
"State123","OTHER",1282.42461314921,17.3040283290725,37.2439070951755,35.8765830384044,496.21109562739,54.492990284727,13.5773650229032,25.1209781607738,64.4636431738529,"FREE",NA,17.7710698676662,"Test"
"State124","OTHER",4052.22122026444,13.3992785554713,33.7774979833744,39.0202031394782,485.591418616172,60.2341970360542,15.0643141433993,22.3635352912265,56.7780049278809,"PRIVATE",14995.2871980083,12.8359892401517,"Test"
"State125","STABLE DEM",5316.71003059793,17.9202469378112,36.7490981108276,41.0759043749501,492.575712181839,56.6556642437943,11.0930125311258,16.931729508176,59.5541716970745,"PRIVATE",15367.406254754,8.79195694034891,"Train"
"State126","DICTATORSHIP",3606.75903593472,12.1158219118615,NA,NA,521.26669704097,55.7374572483359,NA,NA,60.5431136880878,"INSURANCE",4728.7806154072,28.0831183211769,"Train"
"State127","UNSTABLE DEM",2161.28049972974,NA,31.5086828464409,34.599830198674,NA,54.8936803420536,13.6301364288321,NA,-99,"PRIVATE",14737.8292214674,21.10921118377,"Test"
"State128","STABLE DEM",1606.5023406985,NA,NA,38.261725319131,509.410987222101,NA,NA,20.9229850550186,38.6044996959742,"INSURANCE",4870.13238600249,27.9247492106978,"Test"
"State129","UNSTABLE DEM",2055.76952649072,16.6809324244695,38.3979219701738,40.4862088578072,492.325717282786,56.8308509897033,12.8175640218899,22.6935155428408,-99,"PRIVATE",15053.6826932357,14.9141478632822,"Test"
"State130","UNSTABLE DEM",1650.99690294346,14.7613900455809,32.4202021118603,NA,NA,48.8566782530828,12.2781964968212,NA,59.8523190022369,"INSURANCE",5065.64406261338,22.264411986148,"Train"
"State131","STABLE DEM",3126.77136857536,NA,35.459005967815,37.2679022832848,NA,60.2595760657761,NA,26.4163000374451,60.8762019855497,"INSURANCE",4960.27365880018,25.2657200218247,"Train"
"State132","STABLE DEM",1727.07665958559,NA,35.0517673979768,36.8253565219767,503.968316114585,NA,NA,19.7603431553592,60.6468304699217,"PRIVATE",14785.7336337287,15.6532413499683,"Train"
"State133","UNSTABLE DEM",3620.97701047629,15.990845013311,34.5012924636366,40.2972971301792,NA,NA,16.6225126410499,27.8857278972066,NA,"INSURANCE",4968.14165823479,32.1866474189681,"Train"
"State134","STABLE DEM",851.45163770767,11.5625082259395,NA,39.5325798895437,496.857383094679,56.7249430012223,14.1927229367891,22.7610890817013,62.5553491079537,"INSURANCE",5025.27999098222,17.4484541361066,"Test"
"State135","STABLE DEM",NA,NA,NA,NA,510.614672372844,50.6023044065533,12.9535542589683,22.7388287327084,62.982300140409,"INSURANCE",5182.64512288338,21.1562344896197,"Test"
"State136","UNSTABLE DEM",NA,17.2594676059862,37.1736061584764,44.0219258180565,NA,55.8196366156109,14.7106768849457,23.3491349752599,NA,"INSURANCE",4668.2192783428,25.5236048637831,"Train"
"State137","STABLE DEM",6242.29356412301,12.808503393203,NA,35.077493391509,NA,58.7872530295652,NA,NA,60.8871197758385,"INSURANCE",5155.36697759998,20.0098768346351,"Train"
"State138","STABLE DEM",279.509702335555,NA,NA,39.0781071484263,NA,24.6833922729231,15.4368394990769,NA,33.5900679799899,"INSURANCE",5034.75882799438,29.009981261419,"Test"
"State139","UNSTABLE DEM",1998.33942401796,11.960843907129,34.1004368378938,35.8602225322274,499.533825738681,50.7035046537625,14.2780362022658,23.0694419134611,-99,"PRIVATE",14453.2609467257,19.2047979391562,"Test"
"State140","UNSTABLE DEM",1090.46077384351,13.1144464485443,NA,41.086874565066,505.200940316581,NA,NA,21.135228092882,NA,"INSURANCE",5013.39295872991,20.9563665485189,"Train"
"State141","UNSTABLE DEM",2936.44613191604,16.7811324409092,35.0046529370253,37.195561057388,498.39537001522,58.3445008759396,14.1056041370819,21.9399003242848,61.7990720402183,"INSURANCE",4753.1842442592,15.3823177595071,"Train"
"State142","STABLE DEM",3811.96693866765,17.6873618788558,NA,43.2244907690037,498.698595524594,55.3337970770041,13.6113920896823,22.6902401022071,61.7644842608316,"FREE",NA,19.4645820933176,"Train"
"State143","STABLE DEM",NA,14.7709720902173,NA,37.5814985738255,505.960871297121,52.3926711830348,NA,22.3551459568836,NA,"FREE",NA,21.0700699743858,"Train"
"State144","STABLE DEM",NA,17.3179872266821,NA,37.7615595525805,NA,52.4983932330588,NA,21.5670405850711,59.3971162019377,"FREE",NA,26.763784682112,"Train"
"State145","UNSTABLE DEM",4774.44656073731,12.4846682258538,33.481630479658,40.6134358752471,497.576851955931,54.2076745843186,13.5683923005059,18.9744325580726,58.4991467994874,"INSURANCE",4871.86033893981,14.8529137708963,"Test"
"State146","UNSTABLE DEM",1273.12926290562,16.1400615535083,NA,39.4463971273691,507.751316785125,NA,NA,NA,57.8368744650143,"INSURANCE",4822.18403171681,19.9309391426207,"Train"
"State147","STABLE DEM",3508.8020288088,16.3443645875023,NA,39.2355229275587,498.705848394454,55.4265916191257,11.4738692983629,20.8436818081134,55.9603911980254,"INSURANCE",5088.37751164813,18.5242637645913,"Test"
"State148","UNSTABLE DEM",1783.6809205072,NA,29.3204541207195,NA,503.307575625631,54.8750559585928,12.9750488139128,NA,64.7813126240661,"FREE",NA,15.3320314903647,"Train"
"State149","UNSTABLE DEM",NA,11.8141117715973,31.0430773962215,36.5758030023365,501.779436481501,57.0704135619837,14.3286442320454,NA,NA,"INSURANCE",5368.38256368119,19.7562930399987,"Train"
"State150","STABLE DEM",5290.67042167547,16.4874180917611,NA,44.6474102663947,499.567397074319,57.4511561355704,14.3744229224778,23.1811567435354,59.4704713126233,"INSURANCE",5011.61798980127,22.204939764636,"Train"
"State151","UNSTABLE DEM",6030.48738239686,16.0629183516609,NA,40.4359797838612,498.376566983546,57.5163572576974,14.2466296494257,23.4877626440506,59.7662630570954,"INSURANCE",4988.04745008346,20.3697674078235,"Train"
"State152","UNSTABLE DEM",2128.94576702574,13.6635753591632,NA,36.5471541406477,488.463109882802,51.3945802250493,14.3110399430578,20.3051895409242,-99,"INSURANCE",5416.0076537441,8.94686502197959,"Test"
"State153","UNSTABLE DEM",NA,12.7198684715408,33.0843730984156,41.2016820426039,NA,NA,16.2647498462034,24.008125883365,58.0003659261054,"INSURANCE",5045.76521833395,22.5413838849689,"Train"
"State154","DICTATORSHIP",2706.55341721084,15.3151017127324,NA,37.2222368945816,494.654199815307,53.2199232816866,13.2252396171744,24.4646622425307,56.7568678602511,"PRIVATE",14919.6918514898,17.7492453832886,"Test"
"State155","UNSTABLE DEM",1531.7533040328,15.5801425964864,32.8962308658455,NA,507.98631990387,NA,13.8657066090921,NA,61.3431561333304,"PRIVATE",15261.7483331158,22.1250865367302,"Test"
"State156","UNSTABLE DEM",2768.41530473891,17.2421147135541,35.8462449285718,39.2172359494565,484.566175283725,55.1924420893562,11.7221713791997,24.5961898354961,63.2768624562663,"INSURANCE",5281.94655803238,15.1171224420982,"Train"
"State157","UNSTABLE DEM",2698.48205120569,15.9953980375416,36.9588181157534,39.6197445418205,495.516806074356,59.5249774612854,13.4148914815065,20.5618016705228,62.9402656039703,"FREE",NA,14.5276285259408,"Train"
"State158","STABLE DEM",NA,14.2373865873249,30.1932690625661,41.3025000037275,504.927077180778,56.3883768912235,NA,NA,59.423935279508,"FREE",NA,22.040328120187,"Train"
"State159","STABLE DEM",4899.03252693911,13.2613624423148,33.7801284889279,40.6958354649717,NA,59.2554287725373,NA,NA,55.3887810297399,"INSURANCE",5232.62001835818,17.7510522742939,"Train"
"State160","UNSTABLE DEM",2435.25091801732,13.6504949237744,32.5254431397072,NA,510.488411066361,NA,NA,20.7097579651203,56.3720656961854,"PRIVATE",14917.8728750253,23.9056309900353,"Train"
"State161","UNSTABLE DEM",NA,11.5621398829811,32.4314142271868,37.2765400133143,515.214059960055,64.3426528260638,NA,17.815177982753,NA,"INSURANCE",4804.2597279187,20.0920686915196,"Train"
"State162","UNSTABLE DEM",7219.17102918896,15.0512873535162,NA,39.1042279482666,489.031036949807,52.9931478990851,13.282488464476,22.2292071300513,59.6532137413188,"FREE",NA,13.6285441348087,"Train"
"State163","UNSTABLE DEM",3454.28908262158,11.8387065438178,33.6105193087932,39.4477920398373,499.25183911243,54.8783674162054,15.7533438172698,26.8455086652514,59.6440980671142,"INSURANCE",5038.45991958963,23.4088467986586,"Train"
"State164","UNSTABLE DEM",1654.35447647345,NA,NA,42.3679792393117,501.680409451351,NA,12.2900786130643,NA,58.0665006757648,"FREE",NA,18.650002901739,"Train"
"State165","DICTATORSHIP",2117.28885872542,20.2163441030989,38.5277174712213,44.0710707580552,494.484796376625,58.1958244429062,11.9187383902928,21.3095107812147,62.3844506413365,"INSURANCE",5047.40219073193,17.0635918412409,"Test"
"State166","UNSTABLE DEM",1118.6916801366,12.4300314427534,33.0551540207705,40.9355668420031,490.978561988589,58.7271197638163,15.3953451846126,20.764600345928,59.3861407742079,"PRIVATE",14799.7691958341,13.9494337683296,"Train"
"State167","OTHER",5053.07448940128,15.446065565911,33.9112265637057,39.1665834706512,494.673074477899,58.4833445465041,12.8906564859244,20.8612601911132,61.0441803242463,"PRIVATE",14434.3933477846,14.2658049928456,"Train"
"State168","--",1617.46172699327,-99,NA,33.5505796454632,501.890279332941,NA,NA,NA,NA,"PRIVATE",14877.9544174209,22.0719848914298,"Train"
"State169","STABLE DEM",NA,15.9106448351775,36.3862149533856,38.2587288510511,512.263776522694,56.9010858498377,NA,18.3950030561052,NA,"INSURANCE",4676.74508893265,17.5800140159621,"Train"
"State170","UNSTABLE DEM",2225.3451426734,14.8241105286128,32.3554400904817,37.4010045850407,495.722110251412,53.9357766165283,13.2209760241341,22.9576613506019,-99,"INSURANCE",5027.59906559051,15.8454205668335,"Train"
"State171","STABLE DEM",1205.24723273419,13.5004376953743,32.4042721798566,34.921644408149,495.121817334734,58.8357322776649,16.4642804306599,26.8073675285213,58.0407245985041,"FREE",NA,21.4172140789028,"Train"
"State172","UNSTABLE DEM",1295.21050804293,NA,37.2899169208073,42.8434670004608,NA,60.3663307305586,NA,24.9319894476953,57.6897791187678,"INSURANCE",5363.98177110917,26.6851750053812,"Train"
"State173","UNSTABLE DEM",6243.64579236966,NA,35.1041334286089,NA,503.729821145323,NA,16.3208005903359,23.7514274333879,61.4671334981004,"FREE",NA,22.8020670201895,"Train"
"State174","OTHER",NA,13.164414416815,NA,37.0626810595482,509.665639273333,19.760420581161,NA,NA,39.1346765754662,"INSURANCE",5367.1313489938,25.0079302400488,"Train"
"State175","STABLE DEM",1917.64482790623,15.7969643271021,NA,-99,525.594704064977,57.659924304036,NA,-99,-99,"INSURANCE",4512.01723435816,38.788490529121,"Test"
"State176","UNSTABLE DEM",3388.4543884267,10.4007014447754,NA,41.3897338886025,490.565235038591,55.4166812178581,16.5971001351197,21.4321057442075,65.7839842086562,"PRIVATE",15300.56887184,12.2577455154923,"Test"
"State177","STABLE DEM",2278.36567332147,11.1572073632971,34.5448054979101,36.4569749705264,NA,NA,17.7791308741047,NA,56.795487716406,"INSURANCE",5112.75666496505,19.7618023150364,"Train"
"State178","STABLE DEM",3392.00477908625,13.2454002142618,NA,36.6548368015087,491.468374056205,54.655628761849,14.3000202864877,25.7116811267817,55.8380499277683,"INSURANCE",4976.83852473729,19.4463725294883,"Train"
"State179","DICTATORSHIP",1973.37784757767,NA,NA,NA,NA,48.3387768923229,12.0321566751137,19.790052004288,58.8017865193697,"FREE",NA,22.4700265760686,"Test"
"State180","STABLE DEM",2916.92571395081,15.0913836008064,35.5590348929669,38.4738258823286,NA,61.2939748793896,NA,NA,57.9683007990815,"INSURANCE",4727.37375410468,25.8022469193793,"Test"
"State181","UNSTABLE DEM",3807.70452689211,13.8143103938179,NA,37.5815756186725,504.971934982933,55.0108410028153,NA,NA,NA,"FREE",NA,17.8721870475414,"Train"
"State182","OTHER",1816.29901821776,11.1013732754019,NA,NA,NA,25.7705304140801,NA,24.5394144270942,34.6473186711863,"PRIVATE",15120.2266357137,32.4650723706245,"Train"
"State183","UNSTABLE DEM",NA,NA,33.0377906923525,35.8247702665793,502.461821226564,50.3340865775778,NA,23.3285505750431,-99,"INSURANCE",4992.44935893466,21.4871133545416,"Train"
"State184","STABLE DEM",522.731783923666,16.6511416188512,NA,37.1851308875631,503.420409250816,NA,NA,NA,57.3709190084948,"INSURANCE",5031.76732431645,19.6650140200613,"Train"
"State185","DICTATORSHIP",1884.37419649514,16.9638810022639,NA,41.2155005278207,494.914405269627,52.4871763499911,14.0825694596514,25.850126130954,57.7101297116541,"FREE",NA,23.0162862955754,"Train"
"State186","UNSTABLE DEM",945.567482208885,10.9355826598048,NA,32.1500660688654,497.787292373483,53.8932346193221,12.1662587981022,18.0199084920678,58.905989015719,"PRIVATE",15362.6086955177,8.58791474585185,"Train"
"State187","STABLE DEM",3729.31518506446,15.2924999514394,NA,36.5779593163187,492.931013786729,46.6562471211385,12.312815646147,25.3235738271797,60.8255729705528,"INSURANCE",5112.49042943694,16.205855002499,"Train"
"State188","UNSTABLE DEM",273.139378805528,NA,35.3488223924385,38.2259679043039,NA,56.4497715841374,NA,20.8991384066474,61.0990087597276,"FREE",NA,19.794617398343,"Test"
"State189","OTHER",1254.19347809439,NA,31.8967394271085,37.521386001188,505.003485993022,NA,13.804598327373,24.8752969308843,NA,"PRIVATE",15418.5137317356,20.9892375767168,"Train"
"State190","UNSTABLE DEM",NA,NA,NA,38.7322833701248,506.01851260978,51.4577475564809,12.5544978081509,NA,61.6938316347529,"INSURANCE",4786.18064585225,22.9271154401198,"Test"
"State191","DICTATORSHIP",NA,NA,NA,NA,504.713899399353,63.1290623165978,14.3247481339747,23.4989763247614,58.9161306750217,"INSURANCE",4729.4800458453,24.078972692035,"Train"
"State192","STABLE DEM",2581.00215519916,13.6450318140873,NA,NA,NA,NA,NA,NA,59.2424314408687,NA,5032.26942597549,30.3412382609398,"Test"
"State193","UNSTABLE DEM",1783.63853524883,18.7765721721435,35.2206199571049,34.8612485894864,NA,NA,NA,19.7862267324139,59.6575830970237,"PRIVATE",15293.6737095658,15.3794775331799,"Train"
"State194","STABLE DEM",2662.24964344623,18.470085841514,36.1774525908778,42.7891815416747,507.709735252959,NA,10.7456253280448,NA,NA,"PRIVATE",15003.0502688754,23.9692534271372,"Train"
"State195","STABLE DEM",NA,16.6817971364087,NA,42.2905228306922,512.648930334281,60.5550158721828,14.7253724925981,NA,NA,"INSURANCE",4920.31599164017,27.7792965152986,"Test"
"State196","STABLE DEM",6773.99999382123,15.6238743370014,32.0195200857994,NA,504.579901289612,49.898261634497,13.0015329328731,NA,NA,"PRIVATE",14689.3354232144,23.4324738769252,"Train"
"State197","STABLE DEM",3576.27663464921,NA,NA,38.4267881256837,NA,NA,14.0705987258433,23.4126533251971,57.0575656350478,"FREE",NA,27.0221262785776,"Train"
"State198","UNSTABLE DEM",3637.14005307791,15.233482465251,NA,38.4604801069309,492.140600551065,58.2297467020496,14.4131884029055,24.509279619052,58.7390844358741,"PRIVATE",15194.7506965353,16.3431761715656,"Test"
"State199","DICTATORSHIP",4688.70850174647,13.9881175478752,NA,39.2054253174117,491.50394417172,54.1026663505675,13.7198593524219,24.5844169109787,63.386305300297,"FREE",NA,16.1765733794509,"Train"
"State200","UNSTABLE DEM",3888.55172265869,14.5297252252264,34.7984815595174,39.4310525352917,499.279916689916,49.6619769771808,15.5020416089092,25.4263034614892,67.6690946326559,"PRIVATE",15230.8541558258,20.4882747714974,"Train"
"State201","UNSTABLE DEM",3162.4007670011,17.1633763262897,NA,36.1242847148261,499.440783592774,49.7498793444654,12.4180840249882,23.0365567766227,63.2839784420786,"INSURANCE",5145.18347518958,17.2187289077868,"Test"
"State202","OTHER",2659.6300233805,13.6880690756947,NA,37.9435392524218,498.878055102696,60.5026972696358,15.0790440315614,23.5972868382189,54.1679089397373,"INSURANCE",4825.37304221015,20.3865423582528,"Train"
"State203","UNSTABLE DEM",3540.12090183242,12.2778184315897,30.1922411570167,37.9820938896093,NA,55.5280363026984,NA,NA,61.6863350487277,"INSURANCE",5311.006721552,21.7141675434907,"Train"
"State204","DICTATORSHIP",1839.13966538283,10.4727084328705,32.1380757995138,NA,NA,58.7442804531646,NA,23.0123609197465,60.4966935490561,"INSURANCE",4936.57818422996,27.2363600827773,"Test"
"State205","OTHER",4532.02659191952,17.4842995077288,33.9116708284087,NA,NA,59.8051076976308,14.3946972937261,23.7274700148393,NA,"FREE",NA,21.4632463410339,"Train"
"State206","STABLE DEM",882.156700807335,NA,36.5448847846509,NA,509.669312915839,57.8314446639191,13.0621321542073,19.9556032998199,NA,"FREE",NA,18.2789911442491,"Train"
"State207","STABLE DEM",1505.21574391734,NA,35.856584250224,45.456853394463,513.632877712045,NA,13.48827559632,NA,57.0393209498364,"INSURANCE",4865.3884019702,25.8347111411086,"Test"
"State208","UNSTABLE DEM",4304.62679733123,11.8929371436289,30.6275471517758,37.3919550191387,497.910899065694,59.987877900895,13.7828546500089,18.8413796414084,58.1229401726654,"INSURANCE",5019.22215403731,14.3166016015372,"Test"
"State209","UNSTABLE DEM",5198.41447621687,14.4262567965266,30.8164670763506,37.1694427914247,486.277976171908,57.7262093504744,10.7914840977249,21.7488356209265,-99,"FREE",NA,11.848396966471,"Train"
"State210","STABLE DEM",4221.266303221,13.2574892348022,NA,NA,500.964696051792,NA,NA,21.0625242431798,57.641684890198,"PRIVATE",14494.844586192,16.6564808885142,"Train"
"State211","STABLE DEM",2495.84630975266,18.7280740689719,NA,41.8383035700041,493.780321147439,53.3746442205741,12.5395342618764,23.1063602651093,64.8312968968378,"INSURANCE",4832.34891728438,16.1530886982361,"Train"
"State212","STABLE DEM",1199.76402211822,13.702407738036,NA,40.1311858175965,480.824819518669,54.0922013079922,13.0530116159539,24.4828603717882,59.294830353243,"INSURANCE",4294.32625269829,12.239652563607,"Test"
"State213","STABLE DEM",2783.89832699587,14.758038204693,NA,37.7516929316423,498.106319467616,49.6401702393283,13.5531899237191,26.9450029175165,66.9938710210517,"INSURANCE",4878.74678370426,19.4399071514662,"Train"
"State214","STABLE DEM",1201.24145471336,13.5454205572576,30.9503916349995,NA,517.940417598445,14.9178537694129,NA,NA,32.8456152218429,"INSURANCE",5061.76425546693,37.0978473716605,"Train"
"State215","STABLE DEM",NA,NA,NA,37.8117644319962,507.161282120778,55.0384392005429,14.0529035904863,NA,63.3650268454214,"FREE",NA,22.542578505601,"Test"
"State216","STABLE DEM",5175.75735912262,12.6675615612449,30.0658745595603,35.4191960761354,489.678752370218,50.9669550825073,14.2948949728578,25.9135562849795,59.8297937691125,"INSURANCE",5126.58839331512,16.2037479978694,"Train"
"State217","--",NA,-99,31.1589270537096,43.3162721341556,505.051605307212,NA,NA,24.7585338867934,58.1053698892687,"FREE",NA,28.2247209680509,"Train"
"State218","STABLE DEM",5608.93636600963,NA,34.924604683242,-99,513.786785984628,19.5758044970159,14.262560916188,-99,-99,"INSURANCE",4837.53657596444,32.4156279618049,"Test"
"State219","UNSTABLE DEM",5400.02643936016,18.2989952179268,NA,38.5616285902528,494.350831427135,55.8415971624998,13.6737860815982,23.4751848476248,61.917152093002,"INSURANCE",4818.27891464695,16.4334820835838,"Train"
"State220","OTHER",1975.79448561071,NA,NA,38.8009741649926,501.764857312965,NA,NA,23.4835643754245,65.9084897678366,"INSURANCE",5297.4091177292,18.7986085864233,"Train"
"State221","STABLE DEM",NA,17.1668629079205,36.8118379932087,NA,NA,52.1527405795405,15.1605253432327,26.2468907703592,58.7064807677048,"FREE",NA,24.6412082568415,"Train"
"State222","STABLE DEM",2326.98054881323,10.0448153883934,NA,35.5881625364609,496.605930117466,54.4789801455993,14.1327798795383,23.4852867932288,56.0959891383217,"PRIVATE",15412.101714974,17.2946216425855,"Train"
"State223","UNSTABLE DEM",1868.39203268597,13.2689224996094,31.6004486617628,NA,NA,53.6550448735908,NA,25.6765806768065,62.0552040467446,"PRIVATE",14352.575893959,22.9843324760269,"Train"
"State224","UNSTABLE DEM",3728.09433706502,14.8397850534643,34.3084688624325,44.0465004818612,486.91470741084,63.159975397354,16.1369182814227,21.9189771141599,54.6915920063101,"PRIVATE",15092.6893533477,14.6626429705373,"Train"
"State225","STABLE DEM",3090.48714713426,16.0616465012436,34.6068609652456,38.3876487638854,486.122152758143,57.8655670738932,13.7901932398418,22.6402735314255,57.0451592639248,"PRIVATE",15655.5444210811,12.7826254322442,"Test"
"State226","UNSTABLE DEM",3614.2900919043,13.434059458616,NA,42.900404586268,490.85137900996,63.2857495377465,14.7519583648093,15.028612850508,63.1546034810387,"FREE",NA,7.20937384901094,"Train"
"State227","STABLE DEM",NA,NA,33.2343492197911,39.1666353643247,503.875816675733,55.682356695836,15.3428563943587,21.1800095640078,NA,"INSURANCE",5012.80519404741,18.3633536858464,"Train"
"State228","OTHER",3252.15731487157,12.1597188108584,30.3266686151604,40.2710230110489,494.810905281377,59.7755518839337,15.9747948675645,21.2865467086247,62.4612998249729,"INSURANCE",4994.8883950709,14.3818282339521,"Train"
"State229","DICTATORSHIP",2439.20960840704,14.3316472330565,NA,-99,NA,56.5305005726096,15.4192411200209,-99,-99,"PRIVATE",14785.1104209413,21.6278733808454,"Test"
"State230","UNSTABLE DEM",3006.45760801347,14.9565753953033,NA,41.957968566831,482.491045806426,58.3696479535335,11.6554372281856,21.8109222815567,53.9269442384768,"FREE",NA,12.4736604396097,"Train"
"State231","UNSTABLE DEM",3148.35371060774,14.0296914120872,NA,39.2579845942921,486.238142134833,60.2106029465047,16.1565817785187,20.4843167364452,-99,"FREE",NA,10.4535538099556,"Test"
"State232","--",5933.28581067096,NA,NA,NA,509.103273713624,NA,NA,20.6287760709684,57.4530856464226,"INSURANCE",4834.98620273835,21.1277818930088,"Train"
"State233","STABLE DEM",333.633722022283,17.4998337075268,NA,40.0308644994758,485.164289648382,55.7498692023381,12.6363376858961,22.819538972551,58.8372974494846,"INSURANCE",4845.09978826485,13.7643096769614,"Train"
"State234","UNSTABLE DEM",2398.77979840638,12.0211231945851,NA,35.299920765637,499.640715762547,52.082581301887,15.0983251471502,25.9298727264492,58.3359314464202,"FREE",NA,20.8398580305803,"Train"
"State235","UNSTABLE DEM",1034.35037475966,NA,NA,39.2004400073508,NA,56.221775795443,13.5611514620642,20.1536240478068,NA,"PRIVATE",15000.8622827632,21.8192572015079,"Train"
"State236","STABLE DEM",NA,11.6899961006163,NA,38.5036319981269,NA,57.8032742141434,16.7520876026607,NA,57.2677242026934,"INSURANCE",5127.07971703427,35.3323182482657,"Test"
"State237","UNSTABLE DEM",2731.14289522659,NA,35.5672052927976,NA,NA,65.1913755705833,16.131092133912,22.2836865854343,60.4384601116662,"INSURANCE",5023.63856960693,22.5745810903115,"Train"
"State238","STABLE DEM",1152.78540010883,18.850154295942,33.7477699168541,37.3194490369438,NA,NA,NA,21.4596784625491,62.6413869812565,"PRIVATE",14892.8224087818,20.9710838036986,"Test"
"State239","UNSTABLE DEM",1942.96595827527,NA,NA,42.1218556770419,510.917676479481,61.5896624704454,NA,24.7284943712172,NA,"PRIVATE",14839.7565097328,28.9596328037546,"Test"
"State240","STABLE DEM",2285.66945602333,13.5195753212684,34.8154237906617,38.155137854258,492.722219035199,57.3203658409692,17.0821170966168,27.9645199237858,58.370248598906,"INSURANCE",4943.26149081418,21.7697850827458,"Train"
"State241","OTHER",4651.16009451185,19.425480747528,NA,-99,505.402090310889,NA,NA,-99,-99,"INSURANCE",4976.73186072109,14.989227193685,"Train"
"State242","UNSTABLE DEM",NA,17.2817646607684,NA,42.0827210356852,NA,NA,14.4660811601376,27.3216515735029,58.8000137457411,"INSURANCE",5296.52994327204,26.5183896538099,"Train"
"State243","STABLE DEM",6202.61145639691,16.6754706614348,NA,40.437087866019,494.836016773507,55.8746212536026,13.4965463110625,23.5798815362936,59.1091077356825,"FREE",NA,18.4048313026757,"Test"
"State244","UNSTABLE DEM",NA,14.9692701204305,NA,40.0176839565307,NA,58.9396979957215,15.257784606053,22.9742865917361,NA,"INSURANCE",4848.12273373923,32.330029761287,"Train"
"State245","STABLE DEM",NA,16.7819022338906,NA,38.113506280413,500.391717525907,NA,13.2118375693714,24.3871020072166,NA,"INSURANCE",5067.47703459519,18.6176735016219,"Train"
"State246","STABLE DEM",NA,NA,NA,36.1486007427597,515.778016476262,NA,14.5554924299276,24.8137448020128,63.8848781685029,"INSURANCE",4894.17132211525,25.9124107639584,"Train"
"State247","UNSTABLE DEM",NA,16.5023521679566,NA,NA,513.875967154476,NA,11.3170687417936,19.3312842317089,39.5681416333952,"INSURANCE",5144.59106787248,27.7228870092367,"Train"
"State248","UNSTABLE DEM",1626.31590898243,11.9742100998856,NA,40.1228490961874,486.042359453596,53.5359901349597,12.6663522929534,20.4141824905021,61.2185864529696,"FREE",NA,10.1979003628598,"Test"
"State249","UNSTABLE DEM",3162.3434608309,14.5704934516967,NA,36.9531061542396,NA,54.9834977656554,15.5480082410744,NA,NA,"INSURANCE",4940.19484311322,22.346884917538,"Test"
"State250","--",4408.54928351324,-99,NA,NA,501.290110539873,50.0695504481354,NA,NA,NA,"INSURANCE",4958.80349081515,25.171298013109,"Train"
"State251","UNSTABLE DEM",3678.73913467481,NA,30.235043142826,NA,505.873237701455,NA,14.2934685495082,24.3671557137213,58.058015425058,"PRIVATE",15506.0382017873,20.9715775526646,"Test"
"State252","STABLE DEM",2862.78385606413,17.3941932200107,36.3359643077798,44.0458076933846,492.83372187307,58.3493945282663,13.7785731375679,22.0463694052817,62.587158593312,"INSURANCE",5160.19943531821,15.8204936599192,"Train"
"State253","UNSTABLE DEM",5464.46304315897,NA,NA,NA,NA,57.2271517711398,13.4033912562335,24.3584418708004,-99,"INSURANCE",4849.46746644617,24.4759295431042,"Train"
"State254","UNSTABLE DEM",1611.66473664781,15.3339733189694,NA,37.1046582211289,497.029873712604,57.6057199837413,15.028691887701,24.2343629119412,55.9602541436668,"FREE",NA,20.9503574552614,"Train"
"State255","DICTATORSHIP",4651.16619660847,13.2208542641106,34.175818007802,38.1900947557665,495.081983746961,22.8643897984675,15.1415145569349,21.8784725910754,28.2680676024687,"INSURANCE",4620.79483642767,27.5669782984664,"Train"
"State256","DICTATORSHIP",NA,14.5679223300014,35.1149925748324,NA,502.398738671623,62.4140391234129,NA,23.3159925623189,56.8890765979229,"INSURANCE",5046.16986475799,25.6472150371987,"Train"
"State257","STABLE DEM",7048.96882836867,13.1114641654778,NA,38.2806284321818,499.714626717886,57.2126976391685,14.0287874392814,19.067767524712,56.1192340736852,"INSURANCE",5020.90334239244,16.2214904577159,"Train"
"State258","UNSTABLE DEM",7155.76921766072,15.452386858184,NA,-99,509.519619382178,46.3166872547544,NA,-99,-99,"INSURANCE",5254.41360739569,21.5368332117796,"Train"
"State259","STABLE DEM",2883.68402406746,14.5091736098522,NA,39.3851690472815,495.032552593703,63.6473123639273,15.729927463377,23.9632753045113,54.3231732616966,"INSURANCE",4892.04380271168,20.4369665906615,"Train"
"State260","STABLE DEM",3408.88753100945,NA,NA,37.0010147065929,509.440863354377,NA,14.7050992771389,23.2135782830973,NA,"INSURANCE",5166.19318999342,20.6676059917314,"Train"
"State261","STABLE DEM",2303.68542925647,12.2106777770824,NA,35.8215502109009,501.071228850236,NA,16.5387757082223,NA,NA,"INSURANCE",4976.40938078045,19.9287174446331,"Test"
"State262","UNSTABLE DEM",NA,NA,NA,33.963718425266,512.656498114861,56.5634025130859,NA,22.457308629811,63.14317359824,"INSURANCE",5060.64753395953,19.6833941135217,"Test"
"State263","STABLE DEM",2322.02129711834,17.5873087368407,31.317103737187,37.0506122435065,494.194008509612,53.8587313570699,10.429647988915,17.6227185895906,61.7587051576208,"INSURANCE",4961.92959788687,9.81569586890599,"Train"
"State264","UNSTABLE DEM",4538.43810266997,NA,NA,35.0998538097751,NA,52.4142540836994,14.9092114996899,NA,50.1608404366923,"INSURANCE",4782.66008138203,34.7253796976491,"Test"
"State265","UNSTABLE DEM",1836.973731884,13.8693529087837,31.9144128412415,37.8415438731055,486.712641919991,58.36115826455,13.3491682186562,21.256482010589,61.3321215797609,"INSURANCE",4766.24260397476,9.42293362658334,"Test"
"State266","DICTATORSHIP",1970.32226855474,17.7957048490516,34.6111408913573,NA,NA,58.7465647761208,12.7331815456763,18.7114582621682,NA,"PRIVATE",15032.6957663214,19.358197129659,"Test"
"State267","UNSTABLE DEM",695.276331445165,12.8798718979651,32.844490305676,36.3807783252246,496.996751623278,53.767346396612,14.058579723971,23.2466517621247,59.361912475395,"INSURANCE",4568.58808844001,16.5543697742659,"Train"
"State268","STABLE DEM",2064.50768530552,16.4804092197989,NA,40.1542032338755,NA,52.4137486862735,NA,NA,65.7570655157386,"INSURANCE",5299.08869419352,23.8783144452626,"Test"
"State269","OTHER",2975.50537677394,12.1299773298108,NA,39.7722927855921,497.97227469885,56.7926708910772,14.141251893985,18.9627091056941,11,"INSURANCE",5240.24330223756,13.0816821627064,"Train"
"State270","UNSTABLE DEM",NA,NA,36.5554034326145,NA,506.579078887513,51.7291943016076,11.369583241482,23.8939878667651,-99,"INSURANCE",5110.18628095887,25.11273257207,"Train"
"State271","UNSTABLE DEM",4399.28633994377,15.6550609332163,NA,37.0263787981137,514.341631323067,NA,11.3898719078924,NA,NA,"FREE",NA,19.0283189245937,"Train"
"State272","STABLE DEM",5849.94236885161,13.5587442228767,NA,36.3729434166926,499.295286073318,56.8192808806736,14.042078900337,24.8809833054818,53.8904065288702,"FREE",NA,20.7678011322334,"Train"
"State273","OTHER",2628.99305004492,12.6581769367574,32.2290980237434,41.0513543716331,507.874047525655,NA,NA,NA,56.0233909875992,"FREE",NA,27.4150652809286,"Test"
"State274","UNSTABLE DEM",1763.28139315423,NA,37.5265934166222,43.7522569854282,502.12166955671,NA,NA,20.740839179441,58.4680674224938,"FREE",NA,21.3559817676376,"Train"
"State275","UNSTABLE DEM",2889.5407547775,16.2908135862114,NA,43.121165823597,495.718337682822,61.3933322208113,14.9344457231802,20.9730885820135,67.2577238030879,"INSURANCE",4737.95486451479,14.5824434133765,"Train"
"State276","UNSTABLE DEM",1763.94755455916,18.3364606837431,NA,44.0250807392718,482.907617986917,52.6722977277446,12.347915894357,24.0854802011999,-99,"PRIVATE",14896.7698786633,14.3114609475431,"Train"
"State277","STABLE DEM",239.569188471228,16.7057939253802,36.6455207797494,38.7745746172351,497.070124309083,56.8258714448395,14.0638281874655,24.2868944497093,61.2851128676184,"INSURANCE",4935.4856117112,20.1116576428169,"Train"
"State278","UNSTABLE DEM",3462.62840657344,14.6367637963243,29.980229727258,37.3046900281003,481.333907166188,57.426166535332,12.6156622463518,19.8692426234015,60.1005270513826,"INSURANCE",4788.47417728697,6.4796217142322,"Train"
"State279","UNSTABLE DEM",NA,NA,36.3367714678904,42.7499380718698,NA,51.9693806788508,12.7621468487658,24.7029381842561,63.0735513550435,"INSURANCE",5050.38296015279,25.2211547882087,"Train"
"State280","UNSTABLE DEM",NA,14.8847777185705,32.0530482751528,40.4956358672978,NA,55.845451687219,NA,23.7821011417957,-99,"PRIVATE",14623.9977501101,20.8817882100235,"Test"
"State281","UNSTABLE DEM",1928.64823410257,15.5601715519688,36.1973912869902,NA,501.767679217745,NA,14.1533906192693,NA,62.4744739413679,"INSURANCE",5079.63974230169,19.2534524052702,"Train"
"State282","OTHER",1124.18771067939,13.7995060533958,34.7077440900762,39.7036833561773,492.245311927857,51.4024289149155,13.5693690356598,19.1083848927981,64.2080656551029,"PRIVATE",15075.1813873532,9.85226728547735,"Train"
"State283","STABLE DEM",2819.11787207923,15.4042428092402,34.4569792482902,39.2673647147574,486.222956558635,54.1633341994475,12.4951668493387,21.6466707514657,64.6519182381185,"FREE",NA,10.7195314567597,"Train"
"State284","UNSTABLE DEM",2864.23096943385,14.4408198155815,36.6226374644379,40.4044522605724,488.719568426382,60.2079253052213,15.0442295136291,23.7541015330329,57.3328403038741,"INSURANCE",5242.78464408235,16.9416087397173,"Train"
"State285","UNSTABLE DEM",2961.11590072755,15.3223791862291,NA,NA,502.121273451142,55.5243018437325,15.6955212127428,NA,NA,"FREE",NA,22.6363363412658,"Train"
"State286","OTHER",2034.56586128383,16.7665471235226,NA,43.9788581106692,480.626111988087,55.6507282101576,12.5344253549717,22.4371348379025,60.4148681056794,"INSURANCE",4934.47523608152,10.7570388106906,"Train"
"State287","STABLE DEM",1239.99296457872,18.34697656546,NA,40.6718634606727,493.99416903216,56.7431986438328,13.3574062004813,22.2337568649156,60.0278727589136,"INSURANCE",4827.15066148011,16.7332625354054,"Test"
"State288","STABLE DEM",7761.19976278103,NA,NA,40.9488614784609,502.8340209126,NA,NA,22.1334583459615,57.7083625895147,"PRIVATE",14987.9808721118,21.0960143261178,"Test"
"State289","UNSTABLE DEM",2642.42277976529,15.4360390010141,NA,NA,521.762154904742,NA,NA,22.570017150085,64.432450637663,"PRIVATE",14033.8976698885,28.3224623563978,"Test"
"State290","UNSTABLE DEM",1693.5665583811,17.6786706527526,34.1777170933041,-99,511.999494571318,NA,12.8823246949004,-99,-99,"FREE",NA,20.0887529568912,"Test"
"State291","STABLE DEM",6832.81194375947,12.8756820550529,NA,39.9113276238052,496.101907842174,57.7209837902442,16.5430781838827,27.8772236515191,56.5435275273739,"FREE",NA,24.5604354169276,"Train"
"State292","--",1134.30130011305,-99,34.5157908838611,40.3758128206655,NA,58.3054843118235,NA,19.9197259769451,NA,"INSURANCE",4967.08252135195,19.8985854955522,"Train"
"State293","OTHER",1437.84874350833,12.9814252389411,33.5618901462565,37.6643210268337,NA,NA,NA,25.4159077337411,59.016858698087,"PRIVATE",14833.9902806617,22.2227709904551,"Test"
"State294","UNSTABLE DEM",731.705674398964,18.1575153555382,33.9174486564887,40.4018049457557,494.005359356481,56.7166620602704,11.3266964558483,21.6621683872114,64.0901693481899,"INSURANCE",4794.14193589878,12.5831559245703,"Train"
"State295","STABLE DEM",4280.47055303427,16.7199619697859,35.5612102497308,NA,513.082600521413,NA,NA,23.9509039212441,61.454871781522,"FREE",NA,28.0882666338059,"Test"
"State296","STABLE DEM",NA,NA,30.5509266708537,40.7339789355452,502.325755043641,49.649976106615,14.430768207518,23.7192462417554,NA,"FREE",NA,21.478886682431,"Train"
"State297","UNSTABLE DEM",633.291193561831,15.7661234438565,NA,39.2876294041226,494.917858660386,57.6495365759085,14.0180297570579,23.6274795761495,-99,"PRIVATE",14986.6862131157,22.0239083397144,"Test"
"State298","--",2508.77943790731,-99,NA,38.8369296179182,NA,NA,NA,NA,54.679929513935,"PRIVATE",15558.2280671109,26.1825413586127,"Train"
"State299","STABLE DEM",4071.64690796962,13.6669316992775,NA,37.6294159367661,496.724736578061,61.8232839915223,16.2797758708164,23.9221005305858,60.1317332975329,"INSURANCE",5098.27098086056,20.9270344814443,"Train"
"State300","UNSTABLE DEM",2959.03122738521,13.9123749357623,NA,38.0258693463978,513.749483994521,NA,NA,26.6664664221019,NA,"FREE",NA,30.6080343160116,"Test"
"State301","STABLE DEM",3190.50562000697,11.6011747729858,NA,40.3798201882906,497.133470616286,58.8741470642268,15.5969116253075,22.0378467736751,59.7741928340599,"PRIVATE",14656.5874516643,17.9583547002675,"Train"
"State302","STABLE DEM",4718.40723102751,13.2605042916239,NA,36.7092591479047,491.146151396396,61.6914186466313,14.8723648015298,19.1081033858162,60.6408407178771,"INSURANCE",4999.92347295721,9.68610179680622,"Train"
"State303","STABLE DEM",1535.48365583398,12.7124439793541,NA,38.9634979227149,495.746541855102,59.5552195630743,17.6418845330353,26.0635314121097,61.0978378276353,"INSURANCE",5314.75637953878,19.7666434918279,"Train"
"State304","UNSTABLE DEM",3816.04019905223,14.1268595153584,NA,NA,526.173580784592,56.4633975927633,15.3117872867965,NA,NA,"INSURANCE",5049.46993873816,29.2602030004897,"Train"
"State305","OTHER",3802.62801307542,12.4977700057398,NA,38.7834427651268,494.812929634208,50.1665607536042,14.5269448238557,24.983234610836,56.2202118524204,"INSURANCE",4912.37931890461,20.7576921590855,"Train"
"State306","UNSTABLE DEM",4698.52844939079,9.30382437718112,NA,36.5360554747192,499.165197200416,60.7538266516343,16.8235122079619,22.1106234960114,53.337777671964,"INSURANCE",4957.9145135858,18.7156472029545,"Train"
"State307","UNSTABLE DEM",1015.9504747151,13.5737129171951,NA,40.9258535518032,491.765068110067,62.5073282122263,15.044523748614,21.4285163131136,63.1091529440666,"INSURANCE",4661.69345574696,13.7274447328421,"Train"
"State308","UNSTABLE DEM",4246.31332202303,NA,NA,37.9280577777622,507.455396460484,55.0315985995708,15.8592713041652,NA,NA,"INSURANCE",4906.01194961997,25.1312851827513,"Train"
"State309","OTHER",2710.19430355165,16.2738903435836,33.7950301944344,35.8478890934483,486.51570430471,52.2926170224442,12.7436223766763,23.237887268313,60.9369013922292,"PRIVATE",14917.5256257451,11.9309446604188,"Train"
"State310","STABLE DEM",1861.31883707711,NA,NA,NA,NA,44.2523344336202,13.9328605437633,27.6118490794546,63.6523808573208,"INSURANCE",5319.29747173919,22.1800214014129,"Train"
"State311","STABLE DEM",2482.50137650942,17.1255283488141,35.8732607674183,40.1745403799624,486.226237777583,48.8230734670987,13.3385266271905,27.6023936529214,61.1853746467401,"FREE",NA,18.3658518125072,"Test"
"State312","UNSTABLE DEM",3793.96379528327,NA,35.8270997302788,NA,510.756705061253,56.6745734778318,16.3444123949733,NA,56.9673938302863,"FREE",NA,27.6640945404945,"Train"
"State313","STABLE DEM",1470.96474425296,14.7170305043314,NA,38.890288540392,492.832247004642,54.6194989996708,12.3794050846986,20.9030828307988,57.2311917858547,"INSURANCE",5278.36709878181,14.3373498269916,"Train"
"State314","DICTATORSHIP",953.292790786089,14.6909694674423,NA,36.1144649638121,496.394319843149,53.1765475204413,14.9092745214424,26.6159799029537,58.9368871253012,"INSURANCE",5076.57766533588,21.1803020191199,"Test"
"State315","UNSTABLE DEM",NA,13.5616319679653,NA,-99,508.970809221293,53.25888921522,NA,-99,-99,"INSURANCE",5388.0551274026,21.9128116993339,"Test"
"State316","DICTATORSHIP",5595.87369788345,13.1777852148403,NA,44.6054950799583,499.883714861831,65.3933444245596,17.3660284854517,22.4931092211117,11,"INSURANCE",5102.4099730251,21.4481752289334,"Train"
"State317","STABLE DEM",5673.91882890968,NA,NA,41.5171729505867,503.128418229156,61.1187334191145,NA,21.9489447595269,NA,"FREE",NA,21.6500446479785,"Train"
"State318","DICTATORSHIP",1494.32115003192,NA,NA,40.4805599402838,NA,52.7643267756125,13.6991790940779,22.1468809200574,NA,"FREE",NA,25.3171771244252,"Train"
"State319","STABLE DEM",1222.08020560529,NA,NA,40.5008434768657,501.700019179244,NA,NA,27.7761128404217,51.4109695288838,"PRIVATE",14797.621532516,29.3283383033515,"Train"
"State320","OTHER",NA,15.256890379922,NA,39.9377509466648,NA,58.5796607899706,13.9888573828043,NA,57.8083348358931,"INSURANCE",4888.11081625013,17.5463331534272,"Train"
"State321","UNSTABLE DEM",716.226210890173,17.8709559272728,35.7942285921192,40.2986691213034,492.709241742983,55.9846334082203,11.519453858773,17.5666254628058,62.7522023905016,"PRIVATE",14982.5133727508,8.68823515242718,"Test"
"State322","UNSTABLE DEM",1825.61063626828,17.7421388767252,33.0760667885335,NA,505.244297173674,NA,NA,18.6368587027275,61.6107730421912,"INSURANCE",5095.53587888088,15.8266862729363,"Test"
"State323","UNSTABLE DEM",3573.25072743231,18.4174017527627,34.6726133159855,38.7158788034981,491.804398238402,62.0210693898822,13.7712539307224,23.3123286074657,62.4373126424976,"FREE",NA,16.4476469013642,"Test"
"State324","UNSTABLE DEM",2711.94033388778,13.1096493064736,32.9286894543802,35.1156943514211,497.446435652663,56.1519933033384,13.2470712476434,21.1695939375332,59.754845700328,"INSURANCE",4867.33286739859,14.0654589543759,"Train"
"State325","UNSTABLE DEM",3240.77005960743,NA,NA,27.7160451265154,NA,52.4554012593039,NA,20.0401756610805,-99,"FREE",NA,14.6891881022139,"Train"
"State326","UNSTABLE DEM",NA,12.6910594308837,34.4454771294411,37.3867492146553,NA,57.9879207921214,18.2006113296205,NA,54.7357176017294,"INSURANCE",4887.94796366945,29.3664049994943,"Test"
"State327","STABLE DEM",NA,14.4077849255531,34.9709466784619,41.906801896158,500.315035486531,NA,NA,19.214159512657,66.8977980165971,"INSURANCE",4885.72773953947,14.0444881172713,"Train"
"State328","UNSTABLE DEM",2645.59597732271,11.7180857084151,NA,33.5249388851772,NA,56.9336433382633,NA,22.2610044967563,NA,"INSURANCE",4811.71431787058,18.8765840525934,"Train"
"State329","UNSTABLE DEM",267.94923949661,NA,NA,40.3248895470639,500.917723443441,61.6522577988673,NA,23.8831358454496,NA,"FREE",NA,22.5156598990687,"Train"
"State330","UNSTABLE DEM",2157.33730708221,16.4632660056355,35.5049917256157,38.6194059983967,493.734906780008,63.381749065793,16.3686527861427,26.5361820631248,-99,"PRIVATE",15227.3939905021,21.0295824479835,"Train"
"State331","STABLE DEM",1185.13710641558,13.6745547102306,NA,37.0522380943585,499.058852271681,52.0943708350072,12.8319600280502,19.9840110878137,62.2585497113564,"INSURANCE",4646.64459976221,13.782727502256,"Test"
"State332","STABLE DEM",1369.83015319559,NA,32.3511475259994,-99,508.028355342515,NA,NA,-99,-99,"INSURANCE",4823.32862793197,20.4452325775968,"Train"
"State333","UNSTABLE DEM",2409.11771929583,15.3270974165663,37.089998737288,39.0592008042611,489.164569386584,50.189649714212,14.1264994693157,27.2923159632475,54.6089959055863,"INSURANCE",5173.85477311333,20.9107980176128,"Train"
"State334","STABLE DEM",5795.28291224591,11.4032047576192,29.1116990760011,35.7919428872478,499.869162077354,50.9576162642642,13.7837189124167,24.5718329090896,58.5972818252919,"PRIVATE",15367.2435240686,19.104318666735,"Train"
"State335","STABLE DEM",NA,17.969618308561,33.1636125719959,42.5257282760686,NA,57.1876949352224,11.7259477654275,21.3352075974446,NA,"INSURANCE",5044.7795878167,20.4584542926351,"Test"
"State336","OTHER",5549.55291327504,15.6013179181392,NA,36.6547234804106,492.033034556329,53.0250774783644,11.5719203018116,20.8605781712511,60.2254096708685,"FREE",NA,11.2174319243009,"Train"
"State337","UNSTABLE DEM",952.179971916248,14.3070174730671,NA,38.8887540720709,489.041949917116,60.4645637167698,16.0760742295792,21.7759364115501,59.4858638181762,"INSURANCE",4751.66182557563,12.5005057848348,"Train"
"State338","UNSTABLE DEM",3385.97069396287,16.0783041337705,NA,38.9322535024592,480.13670571408,56.8238767766264,11.3722689277098,19.4444180239678,61.3337798544845,"INSURANCE",4974.59868110486,6.05156301033913,"Train"
"State339","UNSTABLE DEM",587.907826673993,12.7346751645661,33.6717679683107,40.4926720152897,479.220397013405,62.9138590062271,14.7253274379101,20.0844798820375,-99,"FREE",NA,10.1284064055217,"Train"
"State340","UNSTABLE DEM",1557.63082440505,10.7278074137997,NA,38.6378460445714,487.59564086145,60.2597178573821,16.9626779496304,23.7649921032045,11,"INSURANCE",4921.260871379,14.4898557079239,"Train"
"State341","STABLE DEM",4786.0774930675,11.7950125766934,NA,37.5968962999305,496.427257251355,57.825297473914,17.1946684113515,24.8375380024049,54.6861039565978,"INSURANCE",5140.91575469028,20.1130476347599,"Train"
"State342","UNSTABLE DEM",2720.11469524246,14.0807715149941,NA,NA,518.30736907938,56.9623667587922,NA,23.3849968456063,NA,"INSURANCE",4520.26367501083,30.9866523649021,"Train"
"State343","DICTATORSHIP",3224.10701347439,13.9724301331094,NA,43.8154883473255,487.905487550406,61.8874052765802,17.7532202624843,24.4023408324254,59.3935695656302,"INSURANCE",4595.82400301802,18.8909257457699,"Train"
"State344","UNSTABLE DEM",2612.50520448886,NA,NA,35.3221652099938,NA,56.3035145302687,12.9309663136087,NA,55.8382756835829,"PRIVATE",14136.2213302303,21.3467378819118,"Test"
"State345","STABLE DEM",5854.55092544092,15.7972728322397,33.8103019790232,35.9968555096498,492.92267095234,51.2441321703412,14.142147313283,24.426790229691,59.3903507928042,"INSURANCE",4934.53620215838,16.5193114579679,"Train"
"State346","STABLE DEM",NA,NA,NA,37.9101706485082,502.451207756019,50.2530886257202,NA,24.001887673122,63.7614624188405,"PRIVATE",14394.3797363701,18.3636302911983,"Train"
"State347","STABLE DEM",1041.73370291785,15.339226793054,35.1815207030641,NA,NA,NA,13.7194873505553,22.1421552976351,11,"INSURANCE",4632.55503497504,19.7158208066386,"Train"
"State348","STABLE DEM",2119.37115655093,17.8997606046338,NA,40.3828473486199,514.160369419233,NA,NA,NA,59.4713707971624,"INSURANCE",5039.70766722673,29.7049561374504,"Test"
"State349","UNSTABLE DEM",1858.04464961368,NA,NA,NA,NA,NA,NA,NA,NA,NA,15366.017082673,17.4598141539538,"Train"
"State350","STABLE DEM",2719.92365350827,15.6732543920685,NA,36.6425664615732,486.147075342985,54.489124307242,12.8708335233092,26.224801711227,57.2558631396522,"INSURANCE",5345.04806741147,17.1886065252299,"Train"
"State351","STABLE DEM",2791.73989880941,15.9806306878095,NA,44.2074462930813,497.049029523566,56.2339777317853,11.4138028681974,19.3383255877714,56.69514941508,"INSURANCE",5101.66254830184,17.0260106031889,"Test"
"State352","DICTATORSHIP",3060.52804284738,14.1833579478895,32.0865975471149,39.5205891110922,510.16691218573,NA,13.5382282785822,NA,NA,"INSURANCE",5204.30430207244,20.7329856634563,"Train"
"State353","STABLE DEM",1938.46558969905,15.2906409946573,NA,37.8790804444319,496.854709343746,58.0347689755649,14.1410175246139,21.477727936402,64.7235071163456,"INSURANCE",4956.35088090391,13.8834916411561,"Train"
"State354","UNSTABLE DEM",NA,NA,31.7150022600935,39.9388553551123,512.122172659252,56.2737523747385,NA,24.1633350463418,56.8988732086937,"INSURANCE",4712.08501337652,27.2747768171459,"Train"
"State355","UNSTABLE DEM",4134.9036097935,15.9701731082473,NA,36.6821246321438,490.949972139604,60.2363356676936,13.3579195803182,21.3275700653914,58.2186158686646,"INSURANCE",5095.00115694342,12.2131571147661,"Train"
"State356","UNSTABLE DEM",2221.99980123894,14.8779900532784,32.9529240356036,NA,525.246945102018,NA,14.6366638407303,NA,32.7672377939013,"INSURANCE",4901.96217321524,43.8797758065668,"Test"
"State357","STABLE DEM",5019.96989200757,14.1043141878046,NA,38.8318318831624,498.150837702268,58.3065613237717,14.9724296263967,24.6893371981935,56.7729035375039,"PRIVATE",14619.295351322,21.4121991753924,"Test"
"State358","STABLE DEM",3900.07553349196,NA,NA,38.4671183145168,NA,62.8599411711052,15.6777473356846,NA,54.4879955930476,"PRIVATE",15175.3108007734,28.6026457627926,"Train"
"State359","UNSTABLE DEM",2790.774778902,NA,35.9626680637194,NA,511.224869502941,62.2385418466031,NA,26.1014138055418,57.9803694653588,"INSURANCE",5114.69752245464,27.8453039201114,"Train"
"State360","UNSTABLE DEM",NA,14.7922939760723,36.9605124465365,41.2863583349682,504.976354354671,60.7470716525151,NA,NA,-99,"FREE",NA,21.6291617656412,"Test"
"State361","OTHER",2436.14507088373,11.6870091964629,30.8541330254446,NA,506.837499924528,55.9145437329881,NA,24.4107386180484,NA,"INSURANCE",5574.43486539582,22.302047753858,"Train"
"State362","DICTATORSHIP",1984.22672720966,13.71607649862,34.5533136355204,41.4023890870067,NA,NA,13.0587987983001,NA,58.3828428232278,"INSURANCE",5089.00755309093,22.8246205656005,"Train"
"State363","STABLE DEM",4830.74079906716,11.5755929806901,NA,38.847705045345,476.472566791882,58.8745562918554,16.4817644053998,21.7243487855612,63.9247913658746,"INSURANCE",5502.28387081832,4.94482549066796,"Train"
"State364","DICTATORSHIP",4317.39315443855,11.9189965977453,NA,32.922700087067,496.930444711328,53.2610493779071,15.3080270910828,23.9281657367231,61.4269693911695,"INSURANCE",4866.63661249748,15.3293614627775,"Train"
"State365","UNSTABLE DEM",3777.67188559079,10.2089491247293,NA,39.3249253751952,485.00352123374,51.4922520347204,16.5505667281479,24.4985698194155,60.4723290330342,"INSURANCE",5094.03758671917,13.34705391305,"Train"
"State366","STABLE DEM",949.014176893337,13.5968793394234,NA,40.1575035119075,NA,NA,14.4528374634386,NA,68.7765060840895,"INSURANCE",5027.89133166421,19.2709458320088,"Test"
"State367","STABLE DEM",5211.06298378957,NA,NA,NA,NA,54.3894992646868,12.6417277954605,23.0073110610136,57.3964611848662,"INSURANCE",4913.09986981771,20.8639661162585,"Train"
"State368","STABLE DEM",1804.74400076262,12.6682799082596,33.4988853294314,37.9187261370108,NA,NA,15.0864979101583,21.8292053980858,NA,"INSURANCE",4997.87351779859,28.4997177351578,"Train"
"State369","STABLE DEM",NA,NA,35.6137143225963,40.9733929652564,501.194002338634,NA,17.180821594805,24.3984749788143,63.3514665242378,"INSURANCE",4856.85536490557,21.7824558304559,"Train"
"State370","UNSTABLE DEM",3529.16761490763,16.5047599259004,NA,45.1029440370011,496.907715754928,57.053614494366,13.2980220612295,19.5554807024587,62.9103000564695,"INSURANCE",5115.00440793249,16.5081848262505,"Train"
"State371","STABLE DEM",3992.26412877376,13.219075174495,NA,39.1407226536693,498.414233763818,55.6129244507079,12.9897618985977,19.2398649506938,61.1937691260107,"INSURANCE",5219.04209792266,14.0427318202542,"Test"
"State372","STABLE DEM",NA,NA,NA,NA,508.307031842608,57.0179036464184,17.0719259908449,24.7795556369271,62.5178127502855,"FREE",NA,22.5697123959756,"Train"
"State373","STABLE DEM",3652.78087875861,13.4799189188788,NA,38.6009206336866,491.46559132147,51.5678602157633,14.9996234257119,24.4950114512688,60.8652652802507,"INSURANCE",4752.85381099188,17.9138050207133,"Train"
"State374","UNSTABLE DEM",2551.9378765318,14.1459853524957,32.9693330381979,40.4615815708072,496.622723099037,51.178381030124,15.3205814020631,29.4150392932679,-99,"INSURANCE",5161.74827546098,27.7657101392869,"Train"
"State375","UNSTABLE DEM",6194.80224763125,14.0035083737088,NA,37.1691134525488,490.760774891818,60.2834546112985,16.5590172647875,28.3539589327762,51.176689053378,"INSURANCE",5336.65907690745,24.626373804226,"Train"
"State376","UNSTABLE DEM",6750.82349437681,10.400485920928,31.9335685773046,38.189303431132,497.463742510781,51.2239850537823,16.6595541968394,25.791366205251,56.1355094882358,"FREE",NA,21.2214339031907,"Train"
"State377","UNSTABLE DEM",NA,13.2259852340794,31.3458893714227,36.9927352853404,503.053381442631,NA,13.2084893949513,22.1647950267396,NA,"INSURANCE",5203.5515093823,19.8332444305385,"Train"
"State378","OTHER",2779.36739573321,11.6304262000243,NA,35.6006225146789,495.063729310512,55.8167353008128,14.9267914865662,24.0958129395738,58.1790583753864,"FREE",NA,16.523955057914,"Test"
"State379","UNSTABLE DEM",3019.82882942812,15.7305629151059,34.3367376041643,30.9213402259331,496.188696320839,56.7307836626303,12.8450913270598,19.8358131546395,61.6257043169224,"PRIVATE",15414.7781094317,9.77530687823111,"Test"
"State380","UNSTABLE DEM",2942.54312478539,NA,NA,34.3376283477723,501.606119810746,NA,12.5836726389144,NA,57.414790274247,"INSURANCE",4917.06970041984,15.2183112560082,"Train"
"State381","UNSTABLE DEM",3995.61090115458,11.3827420153952,NA,39.8945584700381,510.627667237728,NA,16.7158248122541,NA,NA,"PRIVATE",14367.0394245356,22.4493052248862,"Test"
"State382","--",1990.85680588308,-99,NA,41.0074276232854,NA,60.1409194773557,NA,NA,NA,"INSURANCE",5394.18216337087,13.699990524438,"Train"
"State383","UNSTABLE DEM",2930.81762115618,NA,NA,NA,NA,57.0757646115073,13.7400603015807,24.565608224076,58.1415077038349,"PRIVATE",14183.7289115907,24.2594835198976,"Train"
"State384","UNSTABLE DEM",3890.37364186999,18.2691301006685,33.8896831177551,40.5685295964843,485.66529868285,61.9657211013217,10.0780902140461,20.4928977424955,57.0432231169361,"INSURANCE",5056.46991629985,11.9276180081232,"Train"
"State385","UNSTABLE DEM",1239.65795623757,15.2775188735997,36.3654610288613,40.824475639498,496.385483429029,54.8740676944374,15.0553727668823,22.049050932115,61.8448555106074,"INSURANCE",5128.86356618412,17.5181139223399,"Train"
"State386","UNSTABLE DEM",3031.12133271113,13.9235395053653,NA,35.8411088059885,509.700219389047,NA,NA,NA,60.3865415536689,"PRIVATE",14876.4426369743,25.3061871478153,"Train"
"State387","STABLE DEM",3720.83920690281,15.3640887616823,33.0344030732315,41.6942937203395,483.405587145102,60.5831233044104,15.5319488516245,22.4728439935891,60.9407686221284,"PRIVATE",15192.980201497,13.1688240388696,"Train"
"State388","UNSTABLE DEM",1695.54333305857,14.3765319534016,NA,37.2708210937315,487.967726836142,57.4545114441932,12.2105793973253,17.9850483153492,-99,"INSURANCE",5056.41514612437,5.18919785369325,"Train"
"State389","STABLE DEM",2304.31470765599,16.6590372101664,34.8769666451163,39.1885547842287,490.316011809155,58.2268086904764,12.5588725664242,25.2804925231274,55.0213908193723,"INSURANCE",4679.6682968146,19.392860312766,"Train"
"State390","STABLE DEM",483.278914464292,11.1549479247402,33.8416470877524,36.1785191784264,486.428468522379,61.4402593156979,16.1911629124184,21.8884467314353,63.4278762005299,"FREE",NA,10.1006948927794,"Test"
"State391","OTHER",4297.23927847404,NA,NA,38.8202739491989,508.376336893208,NA,12.8449322050406,NA,60.0590454596783,"INSURANCE",5018.05120151093,17.1536528928635,"Test"
"State392","STABLE DEM",NA,16.0309041553537,34.410503292153,42.3330259074085,NA,58.1704971950773,14.9406065371411,NA,59.1738033223844,"INSURANCE",4973.93594025067,24.3389340583915,"Test"
"State393","STABLE DEM",1470.71412848353,14.3964295554274,36.5869506832877,NA,505.024213337139,NA,NA,22.4314567992682,63.3630892440122,"FREE",NA,23.2397781164244,"Test"
"State394","STABLE DEM",2232.09213716365,NA,28.523493837443,43.5725990380509,NA,52.0723604088687,12.3451313562669,21.8869242727065,NA,"INSURANCE",5388.83680874775,19.2659476106456,"Train"
"State395","OTHER",2552.43189578538,NA,35.3907521427139,NA,508.749693826437,NA,14.6821599665396,25.1277825478821,11,"INSURANCE",4591.85587349216,26.5053003775532,"Train"
"State396","STABLE DEM",2153.0239435436,16.7230239917717,33.9507014157153,40.6243692076169,496.899790823963,54.9123634316318,13.8120436068273,24.739326135058,60.0842373908768,"INSURANCE",5142.38653390773,20.4682495447958,"Train"
"State397","UNSTABLE DEM",1728.35902343805,13.8429269930015,NA,38.4428019610785,488.234466485421,55.5224294769224,13.8666494185603,21.9152681561383,53.4580735917489,"INSURANCE",4800.33283286706,15.3154035982015,"Train"
"State398","UNSTABLE DEM",NA,13.2274328034639,31.472547474548,NA,502.88293713834,53.86859989304,13.0032007317591,23.4494247585201,NA,"FREE",NA,21.2335779295776,"Train"
"State399","STABLE DEM",6449.96485407734,15.6246581224779,35.9853567167151,40.4178506175774,482.813441147873,52.5012473256095,10.7527934966107,17.1051384672569,59.3304326361259,"PRIVATE",14854.1731094846,4.03573194993622,"Train"
"State400","STABLE DEM",4838.68814217312,19.8300893620446,38.1665962104632,42.1686765501924,485.77920611889,51.7203265918977,11.0781375503099,19.4643433453961,66.7127898049588,"PRIVATE",15506.7683090483,6.69442950267728,"Test"
"State401","STABLE DEM",782.349734866733,NA,NA,NA,509.304592887298,52.9606398811285,11.052676026122,23.009184973827,NA,"INSURANCE",4868.52761805808,21.497668088736,"Train"
"State402","UNSTABLE DEM",4240.71258905066,15.1503238593225,33.058871540658,35.2489008180351,496.196578052469,53.1834423311717,13.0131040727153,20.3750774236176,65.0000609713479,"INSURANCE",4927.89887327326,10.8001049218254,"Test"
"State403","OTHER",1315.3965446731,NA,NA,42.4790406036518,500.777112193606,NA,12.0910286302747,NA,57.5342373609889,"PRIVATE",15096.111380984,15.0286335196919,"Test"
"State404","STABLE DEM",1357.51985426878,13.0958943105456,NA,39.2443330688981,495.090450922072,66.3262654853631,13.7659390107716,17.2761696933981,56.6124896588753,"INSURANCE",5096.76645039061,11.7706916095525,"Train"
"State405","OTHER",NA,NA,30.7535790769435,37.5003241138522,505.62829860079,61.6648469500135,15.2311825892276,NA,53.544535962117,"INSURANCE",4939.14930566632,22.0675749966929,"Test"
"State406","UNSTABLE DEM",1239.33975324289,12.8588336348061,NA,37.8645061272635,496.837278095341,59.1094904249114,13.5514273027586,22.2899965312213,52.4733724680128,"FREE",NA,18.8530298214515,"Train"
"State407","STABLE DEM",6370.88680116883,12.2377739469398,NA,NA,NA,57.8768247461327,NA,18.0077959284863,58.2328051056785,"INSURANCE",5047.59163169219,12.7417039671672,"Train"
"State408","STABLE DEM",1447.27126866251,16.3302229071039,NA,39.7961071334826,488.130181994777,56.9284256630049,15.7908733362527,27.5516605154726,60.2926739149714,"PRIVATE",15080.0425440555,19.272588753826,"Train"
"State409","STABLE DEM",476.791439964094,14.3689256755027,NA,-99,NA,52.6919085827338,NA,-99,-99,"INSURANCE",4741.6562183113,15.245005049077,"Test"
"State410","UNSTABLE DEM",319.19814828265,16.3301987557851,32.6736961950752,38.4506398301174,491.375519952519,51.9855558286433,14.3765837907547,27.2358663752182,-99,"FREE",NA,20.0292857908183,"Train"
"State411","STABLE DEM",2137.26963146608,12.7149084190483,NA,43.9804468037141,494.606215923474,61.8078871602717,17.7949639620474,26.0425336788019,60.9412519662302,"INSURANCE",5163.63915302759,22.110295246312,"Train"
"State412","DICTATORSHIP",4690.12311288826,NA,35.2956626325072,NA,502.575176171052,60.095612177978,NA,18.9464588676904,58.0829207224057,"INSURANCE",5325.96227042122,17.5618758748215,"Test"
"State413","STABLE DEM",4299.58924752608,16.7992235088906,NA,37.831626721869,488.854355579931,57.4987812988547,13.3253738905844,26.4365402052347,58.2431001330832,"INSURANCE",5095.2991260565,19.7978482514508,"Test"
"State414","STABLE DEM",NA,17.668091088307,35.4946015246183,39.9047352575723,516.425693023103,NA,NA,20.5063243832091,35.0611985153239,"PRIVATE",15609.6797852907,33.9050480184167,"Train"
"State415","UNSTABLE DEM",NA,14.1821002001931,32.8042834827372,37.8775606530258,504.232837942536,NA,13.9046919761357,NA,61.1582819422141,"INSURANCE",4455.74042581009,20.9106446542623,"Train"
"State416","OTHER",1462.64387682368,14.0171221775748,NA,36.6137336175817,489.741603039491,61.1807127783639,13.2628381370743,21.4372737485978,57.6553328361997,"INSURANCE",5245.81435995722,14.0051281240289,"Train"
"State417","DICTATORSHIP",NA,NA,NA,NA,508.316044345374,54.8379652752503,13.614030218491,25.4459408870213,56.9345820829583,"INSURANCE",4782.29049897581,27.4852051614448,"Train"
"State418","UNSTABLE DEM",NA,11.254408832786,NA,42.2336210494201,503.343397848832,61.5112458975259,NA,21.7216843152935,NA,"INSURANCE",5080.35554077158,22.078281792797,"Train"
"State419","UNSTABLE DEM",NA,15.6124618354141,NA,39.7421185001122,NA,56.3236534864813,NA,22.2347849091108,-99,"INSURANCE",4743.81309407579,20.0190680065576,"Train"
"State420","STABLE DEM",NA,NA,33.0288798052823,39.9462004927811,513.852882302616,56.175807352831,15.4716845790113,NA,62.3965014597591,"INSURANCE",5035.24105569966,23.7620068063676,"Train"
"State421","UNSTABLE DEM",1599.75495734145,13.8515098531486,NA,36.1163699034031,479.865169187198,56.270831652949,11.7866186411281,21.1599266590675,61.4397108927738,"FREE",NA,5.8831710076085,"Train"
"State422","STABLE DEM",1281.09019691007,13.8717070160484,33.7441562238203,37.7137344328179,479.272215537824,55.5040983187885,15.0049391228884,25.2190642622192,58.8047658507288,"INSURANCE",5242.94901402927,11.969110652171,"Train"
"State423","UNSTABLE DEM",785.164672151585,13.7117200579724,NA,37.3479496098419,485.275234763594,57.8263087603651,15.8939484076371,27.4843983307068,64.0409745157917,"INSURANCE",5335.20396940561,15.5520378089717,"Train"
"State424","STABLE DEM",NA,17.862932350565,NA,40.5899332871785,501.434251516384,NA,15.6238624141628,NA,62.7435706185294,"INSURANCE",4952.63669295873,23.1618370452908,"Train"
"State425","STABLE DEM",1646.83898412078,13.2970614460666,NA,35.2902893564984,494.081373769758,46.2449498000527,12.1867426192593,23.4721065213522,60.213944486159,"INSURANCE",5282.06388371646,14.8223010874472,"Train"
"State426","UNSTABLE DEM",NA,17.4675108778744,34.6725015535704,NA,502.464668199446,NA,13.7352302699249,22.4699059708613,64.5557477472872,"INSURANCE",4671.12203303647,19.0976467756458,"Train"
"State427","DICTATORSHIP",2869.8633456649,13.6918984121518,32.9187287578043,40.1456991154575,496.408619247666,55.6012543124572,12.5700232418039,18.5626619615789,60.5518054532444,"INSURANCE",4902.30070072746,12.2991080688276,"Train"
"State428","DICTATORSHIP",4651.1882739776,15.0274478504073,NA,39.6880866958888,497.546266190002,60.7779920131333,13.4024073696925,21.0999312215265,60.8812868793129,"FREE",NA,16.8117232045234,"Test"
"State429","STABLE DEM",1959.061930352,NA,NA,NA,NA,53.8172576367923,12.1391519688446,19.1255525096105,61.8575706680904,"INSURANCE",5176.68936022595,19.7917852130205,"Test"
"State430","UNSTABLE DEM",2261.82036686264,17.0482999959463,34.0416778961162,41.6664139094436,492.385117214086,51.2610960136748,12.5300017448899,24.1555377542775,62.1279960686762,"FREE",NA,17.573824630164,"Train"
"State431","DICTATORSHIP",1395.68118568777,16.098737520106,NA,42.9200113350124,499.929010048285,56.5377232166205,13.7206065363023,24.2602811552322,58.1783896029137,"FREE",NA,23.207465426498,"Test"
"State432","STABLE DEM",1921.12977390096,15.0607271433515,32.7599855504856,35.1401675513169,497.426546479394,52.4519338334449,11.649969329216,23.6821385920988,60.7321466386419,"INSURANCE",4885.91286886179,16.981920956082,"Test"
"State433","STABLE DEM",NA,17.7273184482707,NA,40.5418807753038,502.873458315674,NA,NA,19.8375753631458,63.3706841522926,"INSURANCE",4906.39352512803,16.5165699540538,"Train"
"State434","STABLE DEM",5561.43254599076,17.8945649201681,35.2496549972892,NA,517.855367652313,62.2357217396569,NA,NA,57.6957923282255,"FREE",NA,22.7865501213464,"Train"
"State435","STABLE DEM",3911.54962543956,NA,NA,NA,507.559606640507,NA,13.3140175147343,21.3696574402849,61.1840141375776,"INSURANCE",4949.4310963465,18.6442191074715,"Train"
"State436","STABLE DEM",3145.5881009653,19.1535423172211,NA,NA,504.895227010043,52.058857974352,NA,NA,59.8557224760789,"INSURANCE",5336.52229744049,24.7541708132195,"Train"
"State437","UNSTABLE DEM",6081.6120052138,17.7203086824236,36.4648273507207,36.7858596594182,498.458664536283,57.6279489133491,13.557055432658,23.834723473331,56.4803284441042,"INSURANCE",5089.46618903061,20.2297151495257,"Train"
"State438","STABLE DEM",NA,13.5295955357937,33.8001897719899,37.6573718749058,504.795371269286,65.2702453393617,NA,NA,63.6404559377568,"INSURANCE",4934.92949903229,18.2140786673418,"Test"
"State439","DICTATORSHIP",NA,NA,NA,33.755939082044,500.296985083087,57.8194978830804,15.224135501196,NA,59.1163096101326,"FREE",NA,12.5222428740407,"Test"
"State440","UNSTABLE DEM",5603.18901241368,10.9065790057609,32.3060581572104,39.1896871888179,492.881647963489,60.6321627429935,14.0465839971715,19.7194759330285,54.6108980387848,"INSURANCE",5130.14395025006,14.7556233993344,"Train"
"State441","STABLE DEM",5698.98689743536,12.9002319352407,NA,NA,NA,NA,NA,NA,57.8160771509108,NA,NA,19.0714801705462,"Train"
"State442","UNSTABLE DEM",2041.32942452672,13.3519117667291,NA,40.8926663441809,497.455125655257,54.7622972915239,13.4426554174098,22.478470172031,59.7234094335142,"INSURANCE",5097.18180160538,20.0756301946905,"Train"
"State443","UNSTABLE DEM",4882.20757581991,16.9120625105134,39.2786339289104,43.923755490953,488.282175377704,60.0882823419743,15.1729087892805,22.2404178271939,-99,"INSURANCE",5035.98085272272,16.284422245777,"Train"
"State444","STABLE DEM",4211.90779172404,14.1205086023624,NA,40.5437989825369,493.004935742362,53.9777351244482,14.3674523103286,25.9107464465875,11,"FREE",NA,20.6684472530273,"Train"
"State445","UNSTABLE DEM",NA,11.7392229578394,33.0393582384756,36.9692060521456,NA,54.4324483040055,NA,29.3842199845828,57.5343912997095,"PRIVATE",14902.9354588535,27.9051401283979,"Test"
"State446","UNSTABLE DEM",2845.87719340955,16.3679939230265,NA,40.3594085755842,496.510105214119,63.6231318761547,12.5842137797931,20.1010546633455,57.7152535698805,"PRIVATE",14312.6025725031,16.3878487798448,"Train"
"State447","STABLE DEM",5175.98828646,16.7241237206206,NA,41.4702197187592,NA,NA,NA,21.7797762269709,62.314225250382,"FREE",NA,19.6590189622767,"Test"
"State448","UNSTABLE DEM",569.544231455278,14.6805767181614,33.7526837547095,41.6376226939502,496.229154045364,57.7258469022041,13.6555265237529,22.897002012448,53.8337890071519,"INSURANCE",4970.23046998453,21.2144814446774,"Train"
"State449","OTHER",4805.94860025143,NA,31.8283752616338,-99,500.75132391764,57.8884277751957,NA,-99,-99,"FREE",NA,17.7083247169074,"Test"
"State450","UNSTABLE DEM",NA,NA,NA,37.7767684707383,503.200751900417,55.8114866334596,NA,24.5094607832357,-99,"FREE",NA,21.134934702313,"Train"
"State451","UNSTABLE DEM",396.201878294396,14.4961722105058,32.6989840046036,40.0683068444807,494.803577892868,55.3036430735691,11.2705446806081,19.2677369364153,-99,"PRIVATE",15620.0668927912,12.5357663487647,"Test"
"State452","STABLE DEM",2418.83489478462,10.4876443273543,33.8699653552149,36.5301086769929,497.956207190183,55.0935049232393,14.1944413738909,20.4472637718997,55.1312568105095,"INSURANCE",5298.05895156278,15.8322087704764,"Train"
"State453","STABLE DEM",NA,15.5759483335047,NA,37.2670706446907,NA,51.3764539262171,NA,23.8874079226037,11,"PRIVATE",15583.2888008716,19.0191143069777,"Train"
"State454","UNSTABLE DEM",NA,13.6514619086878,33.9653657834829,38.7158318038432,NA,NA,14.0431343113071,25.6585827765786,53.6315532075235,"FREE",NA,25.4325206392522,"Train"
"State455","OTHER",7957.8514556869,16.5096907362261,NA,42.6151541138736,491.527853218788,59.3892589905504,12.6411352883166,20.5778195684918,61.6506117194639,"PRIVATE",14686.1779045876,13.3150061169395,"Train"
"State456","STABLE DEM",NA,16.6712756674383,NA,NA,509.000036278529,57.2467244749477,16.3196794179768,NA,66.6936653919963,"INSURANCE",5166.24259550402,23.928920169181,"Train"
"State457","STABLE DEM",1195.30307381613,NA,NA,40.0509451958762,NA,NA,12.6230430692456,20.5845782206869,58.8419481207868,"INSURANCE",4878.70486319058,20.4818208641134,"Train"
"State458","UNSTABLE DEM",3593.14279199635,13.8003697846627,31.1875182714837,35.918138557311,499.131303204896,18.7029989045947,13.4546400864563,21.8697618491581,39.0453107776771,"INSURANCE",5223.09742150653,23.7059844608423,"Train"
"State459","OTHER",5191.4550936276,12.8233213935715,31.0883817820591,33.4675254955751,492.708902960932,48.2064086738835,13.0110656473883,25.3303681189134,60.964353300442,"PRIVATE",15994.4529193789,15.8284018939003,"Train"
"State460","UNSTABLE DEM",1041.40244929192,15.0954730590031,NA,39.9511895686252,485.745396508058,56.045832031174,15.4609468224248,23.4933615030058,59.518509243726,"INSURANCE",5112.71950441721,14.2031214692968,"Train"
"State461","STABLE DEM",726.346984290232,15.2624607791022,36.7710606120027,42.5862604467797,499.141263826436,56.094232817911,17.4444821057463,23.1852898483336,63.1329399684525,"PRIVATE",14953.2119561799,20.236846466194,"Train"
"State462","UNSTABLE DEM",NA,15.2121369652907,33.741145865962,NA,500.496594914985,61.0524271431466,13.2087040936942,19.0656122431201,NA,"FREE",NA,17.7139764665827,"Test"
"State463","STABLE DEM",3612.82049167299,19.337617809555,35.3249882749603,36.1770317623845,480.678103896213,55.8585759136107,12.3637766486029,25.3179265019506,65.473273428576,"INSURANCE",4966.47590139739,9.4110230811195,"Train"
"State464","STABLE DEM",3003.92916666455,12.2079885153416,31.6289845163588,37.6960426691025,NA,NA,16.6195913528985,23.1084473693116,NA,"PRIVATE",15243.1000744438,19.1673680803301,"Train"
"State465","STABLE DEM",2919.7408878742,NA,NA,37.7127904342623,502.727708739864,NA,11.0751195481972,NA,59.797311286649,"INSURANCE",4800.48287561234,24.1356956593501,"Train"
"State466","UNSTABLE DEM",NA,14.9548821417592,NA,37.9649249519231,NA,NA,13.1301338914651,17.877627629686,61.2619624845883,"INSURANCE",4882.20429675031,19.1831852096204,"Train"
"State467","UNSTABLE DEM",3659.54177778709,16.5893513083481,NA,NA,NA,NA,11.6838838104721,25.5187539819198,62.7765499751703,"INSURANCE",5113.12198274999,26.3593753608849,"Train"
